title,link,author,created_time,page_code,cn,type
Able Baker Charlie,/able-baker-charlie,Letitia213,24 Jan 2016 03:45,A,false,tale
蛇说,/about-the-serpent,MScarlet,30 Apr 2017 15:48,A,false,tale
恶魔学简释,/a-brief-explanation-on-demonics,qjfoidnh,04 Apr 2018 17:16,A,false,tale
克己,/absolute-self-control,M Element,23 Oct 2017 04:39,A,false,tale
圣蛋颂歌,/a-cackmas-carol,(account deleted),20 May 2017 07:29,A,false,tale
为计算器冒一次险,/a-calculated-risk,M Element,07 Nov 2017 06:05,A,false,tale
Bright礼赞,/a-canticle-for-bright,Freedom Koo,14 Apr 2017 14:03,A,false,tale
自由之机,/a-chance-at-freedom,M Element,14 Nov 2017 03:09,A,false,tale
一场MC&D有限公司的马戏,/a-circus-for-mc-d-ltd,M Element,10 Oct 2017 01:36,A,false,tale
一份秘密会议的简报,/a-confluence-of-clandestine-conferences,DAVE-D-R-Z,31 Mar 2018 06:24,A,false,tale
一份更酷的宣言,/a-cooler-manifesto,Letitia213,26 Jan 2016 07:02,A,false,tale
文件11-a,/activity-documentation-file-11-a,Samuel Zhang,09 Nov 2017 01:57,A,false,tale
Alto Clef的一天,/a-day-in-the-life-of-alto-clef,Freedom Koo,26 Mar 2017 13:00,A,false,tale
增员,/additional-resources,M Element,25 Jan 2018 13:49,A,false,tale
第二次致意,/addressing-the-second,Letitia213,23 Jan 2016 12:18,A,false,tale
致学生与教员的演讲,/address-to-the-students-and-faculty,Holy_Darklight,24 Feb 2017 06:20,A,false,tale
梦的挽歌,/a-eulogic-elegy-for-the-dreams,Ravenfield,25 Nov 2016 10:55,A,false,tale
明星风扇,/a-fan-s-fans,Blue Buendia,27 Jul 2017 00:25,A,false,tale
死得其所,/a-fitting-end,Airalin_Knowledge,04 Mar 2017 12:14,A,false,tale
后续行动报告2272',/after-action-2272,(account deleted),14 Jun 2017 01:52,A,false,tale
特工Apocalemur的日记,/agent-apocalemur-s-journal,(account deleted),21 Jul 2017 13:06,A,false,tale
特工小布朗之护身符失踪案,/agent-brown-and-the-case-of-the-missing-amulet,ahshow,23 Jun 2018 08:26,A,false,tale
特工Imants的水暖池维修与披萨外送,/agent-imants-plumbing-pool-repair-and-pizza-delivery-service,(account deleted),28 May 2017 17:43,A,false,tale
Ukelele特工,/agent-ukelele,Letitia213,29 Nov 2015 12:46,A,false,tale
一份假日呼吁,/a-holiday-appeal,M Element,28 Oct 2017 07:01,A,false,tale
Ailier,/ailier,M Element,29 Oct 2017 22:54,A,false,tale
弄臣的故事,/a-jester-s-tale,M Element,07 Nov 2017 05:31,A,false,tale
警報！開始鎖閉！,/alert-lockdown-initiated,MScarlet,12 Apr 2015 21:13,A,false,tale
自始至终,/all-along,Agent Phage,04 Nov 2017 17:12,A,false,tale
万圣的,/all-hallows,qjfoidnh,20 Feb 2018 08:26,A,false,tale
他们所渴只有血,/all-they-want-is-the-blood,Airalin_Knowledge,04 Mar 2017 10:11,A,false,tale
周全考虑,/all-things-considered,M Element,07 Nov 2017 05:00,A,false,tale
孤单,/alone,Freedom Koo,26 Mar 2017 05:55,A,false,tale
往昔不往,/a-long-time-past,Letitia213,24 Jan 2016 05:19,A,false,tale
事业有成,/a-man-at-the-top-of-his-profession,M Element,09 Nov 2017 07:12,A,false,tale
記憶消除指南手冊,/amnestic-orientation-manual,MScarlet,15 Aug 2014 18:33,A,false,tale
损友重逢,/a-most-unfortunate-reunion,Letitia213,24 Jan 2016 12:50,A,false,tale
穿越者,/anachronisms,Letitia213,24 Jan 2016 12:58,A,false,tale
一名观众,/an-audience,Sraosha,16 Sep 2018 15:49,A,false,tale
Anderson-平行世界,/anderson-the-alternative,qjfoidnh,27 Mar 2018 11:24,A,false,tale
我感觉不错,/and-i-feel-fine,Tunardine777,04 Aug 2018 15:52,A,false,tale
在歌声中开始,/and-it-starts-with-a-song,(account deleted),03 Mar 2017 01:51,A,false,tale
而現在，他離開了,/and-now-he-is-gone,M Element,30 Oct 2017 02:18,A,false,tale
即是如此,/and-so-it-is-now,Letitia213,24 Jan 2016 05:47,A,false,tale
这样，以及那样,/and-so-on-and-so-forth,Letitia213,24 Jan 2016 03:37,A,false,tale
如是群鸦讪笑不止,/and-so-the-crows-laughed,Flea_ZER0,04 Jun 2016 07:24,A,false,tale
无人生还,/and-then-there-were-none,ahshow,05 May 2018 12:10,A,false,tale
然后呢？,/and-then-what-happened,MScarlet,07 Jun 2014 16:34,A,false,tale
而优胜者是......,/and-the-winner-is,qjfoidnh,18 Mar 2018 11:52,A,false,tale
一份FAQ；或者说，休谟指数到底是个啥？,/and-this-one-explains-humes,Freedom Koo,24 Apr 2017 04:12,A,false,tale
与Bright共度良宵,/an-evening-with-bright,M Element,28 Mar 2017 08:25,A,false,tale
《鬼魂再见》的一份摘录,/an-excerpt-from-goodbye-ghost,M Element,23 Oct 2017 04:06,A,false,tale
FAQ第二部分；或者说，关于你所提休谟问题的回答,/an-faq-part-two-or-your-hume-questions-answered,qjfoidnh,13 Mar 2018 09:34,A,false,tale
片中一夜,/a-night-at-the-movies,(account deleted),14 Jun 2017 02:27,A,false,tale
公元后,/anno-domino,Greenson,20 Jan 2017 15:55,A,false,tale
O5的（还不是）末日,/annon,Freedom Koo,26 Mar 2017 09:00,A,false,tale
老太与花园,/an-old-woman-and-her-garden,VanessaMeowUniverse,09 Feb 2018 03:24,A,false,tale
魔法指南,/another-goddamn-magic-system,(account deleted),07 Jul 2017 08:51,A,false,tale
墙上的另一颗星,/another-star-on-the-wall,M Element,28 Oct 2017 19:04,A,false,tale
大洪水前,/antediluvian,Sraosha,20 Sep 2018 12:41,A,false,tale
"Apakht",/apakht,JustinTrenchcoat,07 Mar 2018 02:23,A,false,tale
2690年4月9日,/april-9th-2690,Rain-Aria,18 Jul 2018 07:27,A,false,tale
商业问题,/a-question-of-commerce,Ravenfield,14 Dec 2016 11:31,A,false,tale
归档事故076-2_682,/archived-incident-076-2-682,(account deleted),27 May 2017 07:01,A,false,tale
一名研究员的故事,/a-researcher-s-tale,(account deleted),21 Jul 2017 13:21,A,false,tale
我们圣诞了吗？,/are-we-christmas-yet,M Element,30 Oct 2017 01:25,A,false,tale
换人啦工厂,/a-shift-at-the-factory,LonelySputnik,20 Apr 2018 03:28,A,false,tale
Site-19圣诞颂歌,/a-site-19-christmas-carol,Ravenfield,03 Feb 2017 14:15,A,false,tale
问问Mann博士,/ask-doctor-mann,(account deleted),05 May 2017 07:44,A,false,tale
我爱问博士,/askinate-herr-spankoflex,thrumuvethur,27 Jul 2018 04:29,A,false,tale
我爱问爵士,/ask-lord-blackwood,Letitia213,25 Jan 2016 12:51,A,false,tale
一次让我灵魂封闭的小睡,/a-slumber-did-my-spirit-seal,MScarlet,08 Jul 2014 14:17,A,false,tale
A.S.S.与其它低威胁相关组织,/a-s-s-and-other-low-threat-groups-of-interest,M Element,13 Nov 2017 00:05,A,false,tale
Site-64袭击事件,/assault-on-site-64,ziper,07 Apr 2018 04:06,A,false,tale
逗比女总裁的冰山助理,/assistance-for-the-boss-lady,M Element,08 Oct 2017 02:56,A,false,tale
时日将近,/as-time-draws-near,Sraosha,21 Sep 2018 14:56,A,false,tale
天文学,/astronomical,Hannah_AI,17 Jun 2018 06:51,A,false,tale
遗书,/a-suicide-note,Freedom Koo,16 Apr 2018 14:36,A,false,tale
Keter蚊子的进攻！,/attack-of-the-keter-skeeters,M Element,12 Oct 2017 17:25,A,false,tale
Atzak I,/atzak-i,Ryan SQuirrel,24 May 2018 16:04,A,false,tale
宣战,/audio-of-war,(account deleted),24 Feb 2017 05:25,A,false,tale
化身,/avatara,PageSeventeen,14 Aug 2017 07:19,A,false,tale
贝氏圣诞,/a-very-bailey-christmas,M Element,13 Nov 2017 00:15,A,false,tale
不速之客,/a-visitation,Flea_ZER0,09 Jun 2016 05:45,A,false,tale
缢王宫廷里的一位魔杖人,/a-wandsman-in-the-court-of-the-hanged-king,qjfoidnh,05 Jun 2018 18:55,A,false,tale
「寶寶的第一本Keter級異常事物指南」&其他從████．███████博士的硬碟還原回來的可疑文件,/baby-s-first-guide-to-keter-class-anomalies-and-other-questi,tickletickle,05 Feb 2017 07:55,B,false,tale
黑市交易,/back-alley-deals,Letitia213,23 Jan 2016 07:43,B,false,tale
幕后,/backstage,SwanKnight,06 Feb 2018 09:49,B,false,tale
噩梦,/bad-dreams,Rain-Aria,30 Jul 2018 09:23,B,false,tale
勋章与战绩,/badges-and-scorecards,Airalin_Knowledge,26 Feb 2017 13:28,B,false,tale
捕鸟器,/bal-chatri,Idokoe,11 Mar 2018 02:47,B,false,tale
基础观察,/basic-observations,ashausesall,17 Mar 2016 03:35,B,false,tale
哥谭奇案,/batman-s-newest-threat,M Element,12 Nov 2017 22:42,B,false,tale
旧信中的动物,/beasts-of-the-old-letters,qjfoidnh,06 Jul 2018 05:08,B,false,tale
蜂日记,/bees,Letitia213,31 Dec 2015 09:29,B,false,tale
幕后花絮,/behind-the-scenes,M Element,09 Oct 2017 03:26,B,false,tale
名字之下,/beneath-the-name,Samuel Zhang,06 Oct 2017 08:42,B,false,tale
第二插曲：演奏中,/bicentennial,Letitia213,23 Jan 2016 04:42,B,false,tale
从吉他曲中诞生,/birth-by-guitar,Hannah_AI,02 Dec 2017 06:40,B,false,tale
每日皆生日,/birthday-every-day,M Element,12 Oct 2017 18:16,B,false,tale
Cool 的誕生,/birth-of-the-cool,MScarlet,17 Jul 2014 18:16,B,false,tale
黑莲花,/black-lotus,(account deleted),23 Jul 2017 14:23,B,false,tale
黑白黑白黑白黑白黑白灰,/black-white-black-white-black-white-black-white-black-white,Letitia213,29 Nov 2015 10:06,B,false,tale
男女初会,/blinddate,Rain-Aria,10 Jul 2018 14:56,B,false,tale
血染,/bloody,Freedom Koo,13 Mar 2018 08:44,B,false,tale
插曲：一份摘要,/board-meeting-transcript,fengyueyingxia,18 Mar 2018 11:11,B,false,tale
我的上级,/boss-of-me,Letitia213,23 Jan 2016 06:54,B,false,tale
命运中的爱与相对维度 Clef博士/神秘博士,/breach-my-containment-baby,Airalin_Knowledge,11 Jul 2017 18:28,B,false,tale
查水表,/break-on-through,(account deleted),03 Mar 2017 04:18,B,false,tale
玩具们的战争：休息室路线,/breakroom-routing,Hannah_AI,19 Jun 2018 05:59,B,false,tale
济河焚舟,/bridges-burnt,Stone Frank,20 Aug 2018 15:44,B,false,tale
广播,/broadcast,Ryin-silverfish,07 Apr 2017 21:57,B,false,tale
Brökkën Güd,/broekken-gued,Airalin_Knowledge,07 Jan 2018 04:32,B,false,tale
破乎？,/broken,M Element,30 Oct 2017 01:03,B,false,tale
兄弟,/brotherhood,Chricton,20 Aug 2018 05:48,B,false,tale
兄弟的看守,/brother-s-keeper,M Element,28 Oct 2017 06:49,B,false,tale
預算削減,/budget-cuts,tickletickle,28 Jan 2017 07:36,B,false,tale
出错,/bugs,Airalin_Knowledge,20 Feb 2017 12:09,B,false,tale
组建,/building-up,qjfoidnh,02 Feb 2018 15:38,B,false,tale
游荡半生,/but-some-time-we-cant-erase,Hakuhaku,07 Aug 2018 06:57,B,false,tale
但我们从不谈及,/but-we-do-not-talk-about-that,Flea_ZER0,02 Jun 2016 13:33,B,false,tale
宗教论争,/by-one-iota,Freedom Koo,14 Apr 2017 14:12,B,false,tale
脏活，累活，蛋糕活,/cakework,(account deleted),30 Jul 2017 09:29,C,false,tale
流行性模因,/can-haz-memes,Freedom Koo,18 Mar 2017 09:39,C,false,tale
Capone,/capone,Al3417,25 Feb 2018 03:09,C,false,tale
推车罐子，罐子推车,/cart-can-can-cart,The_Reaper_Kindred,28 Oct 2017 05:49,C,false,tale
无色之绿事件,/case-colourless-green,ashausesall,22 Feb 2017 06:49,C,false,tale
演职员就绪,/cast-on,eric opraxia,19 Aug 2018 14:35,C,false,tale
摇篮里的猫,/cat-s-in-the-cradle,Rain-Aria,09 Jul 2018 03:28,C,false,tale
壁画,/cave-paintings,Cynthia7979,08 Jun 2018 15:35,C,false,tale
锁链,/chains,M Element,20 Oct 2017 23:01,C,false,tale
接受挑战！,/challenge-accepted,M Element,21 Mar 2018 16:38,C,false,tale
蝇屋挑战,/change-in-the-house-of-the-flies,O_L,26 Mar 2017 06:06,C,false,tale
Site-18的变迁,/changes-at-site-18,Ravenfield,25 Nov 2016 06:53,C,false,tale
转换世界,/change-the-world,Mushhhroom,19 Jul 2018 07:41,C,false,tale
短暂闪回,/chapter-10-a-brief-flashback,Mushhhroom,16 Jul 2018 04:18,C,false,tale
怀疑之子,/children-of-doubt,Airalin_Knowledge,06 Feb 2017 10:47,C,false,tale
杂烩Clef,/chowderclef,M Element,28 Oct 2017 07:26,C,false,tale
幕间剧1：补丁,/classicalinterlude,Letitia213,24 Jan 2016 05:26,C,false,tale
幕间剧2：Great Mare的来信,/classicalinterlude2,Letitia213,24 Jan 2016 05:58,C,false,tale
Omega級記憶消除,/class-omega,M Element,12 Oct 2017 17:17,C,false,tale
Clavis,/clavis,Letitia213,22 Jan 2016 07:27,C,false,tale
清理大羊驼拉里,/cleaning-larry,Ryin-silverfish,20 Mar 2017 00:28,C,false,tale
马到成功,/clean-sweep,Blue Buendia,27 Jul 2017 00:02,C,false,tale
Clef博士教研班的文字记录，“现实扭曲者与你：怎样在现实并不存在时生存下来。”,/clef101,Letitia213,31 Dec 2015 09:10,C,false,tale
Clef和Dimitri出发了,/clef-and-dimitri-hit-the-road,Letitia213,19 Jan 2016 11:14,C,false,tale
Clef逝世,/clef-dies,Airalin_Knowledge,04 Mar 2017 10:25,C,false,tale
摘自《当现实不再时如何存活》，Alto Clef著,/clef-excerpts,Rain-Aria,26 Aug 2018 15:50,C,false,tale
Cleon,/cleon,LeoOverheat,06 Dec 2017 21:15,C,false,tale
攀登者,/climber,Freedom Koo,26 Mar 2017 06:00,C,false,tale
没时间了,/clock-is-ticking,M Element,20 Oct 2017 22:29,C,false,tale
時鐘倍頻器,/clock-multiplier,MScarlet,18 Apr 2015 16:01,C,false,tale
发条时间,/clockwork-time,Letitia213,22 Jan 2016 06:46,C,false,tale
我了个大已编辑,/clusterfredacted,M Element,21 Mar 2018 16:54,C,false,tale
代号Brown,/codebrown,Rain-Aria,17 Jun 2018 14:12,C,false,tale
咖啡约会,/coffee-date,Rain-Aria,18 Jun 2018 14:00,C,false,tale
冷,/cold,Freedom Koo,26 Mar 2017 05:54,C,false,tale
收集到的数据,/collected-data,Airalin_Knowledge,04 Mar 2017 13:02,C,false,tale
Come Back Kid,/come-back-kid,Ryan SQuirrel,17 Jul 2018 14:11,C,false,tale
指挥行动,/command-performance,Letitia213,22 Jan 2016 07:12,C,false,tale
命令查詢分離,/command-query-separation,MScarlet,14 Apr 2015 19:06,C,false,tale
結論 RE：D-173-2263事件,/conclusions-red-173-2263-incident,M Element,30 Jan 2018 21:56,C,false,tale
合并,/consolidation,Idokoe,28 Feb 2018 20:07,C,false,tale
阴谋，尾声,/conspiracy-epilogue,(account deleted),04 Mar 2017 08:12,C,false,tale
阴谋，Part I,/conspiracy-part-i,(account deleted),15 Feb 2017 05:17,C,false,tale
阴谋，Part II,/conspiracy-part-ii,(account deleted),15 Feb 2017 06:14,C,false,tale
阴谋，Part III,/conspiracy-part-iii,(account deleted),15 Feb 2017 09:37,C,false,tale
阴谋，Part IV,/conspiracy-part-iv,(account deleted),16 Feb 2017 06:19,C,false,tale
阴谋，Part IX,/conspiracy-part-ix,(account deleted),20 Feb 2017 02:44,C,false,tale
阴谋，Part V,/conspiracy-part-v,(account deleted),16 Feb 2017 09:00,C,false,tale
阴谋，Part VI,/conspiracy-part-vi,(account deleted),17 Feb 2017 06:37,C,false,tale
阴谋，Part VII,/conspiracy-part-vii,(account deleted),17 Feb 2017 09:34,C,false,tale
阴谋，Part VIII,/conspiracy-part-viii,(account deleted),18 Feb 2017 05:52,C,false,tale
阴谋，Part X,/conspiracy-part-x,(account deleted),20 Feb 2017 05:37,C,false,tale
阴谋，Part XI,/conspiracy-part-xi,(account deleted),20 Feb 2017 06:20,C,false,tale
阴谋，Part XII,/conspiracy-part-xii,(account deleted),02 Mar 2017 01:11,C,false,tale
阴谋，序章,/conspiracy-prologue,(account deleted),15 Feb 2017 03:15,C,false,tale
联络,/contact,(account deleted),30 Jul 2017 09:22,C,false,tale
自我收容,/containing-yourself,(account deleted),18 Mar 2017 05:23,C,false,tale
收容突破：音乐剧,/containment-breach-the-musical,M Element,13 Nov 2017 01:48,C,false,tale
意外开支,/contingency,Letitia213,23 Jan 2016 06:33,C,false,tale
后续的审议,/continued-deliberations,(account deleted),14 Jun 2017 01:23,C,false,tale
Corvus,/corvus,Letitia213,22 Jan 2016 07:30,C,false,tale
换装,/costume-change,Airalin_Knowledge,18 Jan 2017 07:23,C,false,tale
破碎之神的破碎圣经,/cotbg-bible-fragments,M Element,23 Oct 2017 03:41,C,false,tale
海妖之歌,/could-find-my-way-to-mariana,Ryin-silverfish,12 Apr 2017 01:01,C,false,tale
倒数,/countdown,DouglasLiu,03 Aug 2018 04:37,C,false,tale
异常动物,/critters,M Element,09 Oct 2017 22:28,C,false,tale
折颈,/crunch,Letitia213,30 Jan 2016 16:20,C,false,tale
在思考时被肢解,/cut-up-while-thinking,M Element,12 Nov 2017 22:11,C,false,tale
Cygnus,/cygnus,Letitia213,22 Jan 2016 07:32,C,false,tale
Da Capo al Fine,/da-capo-al-fine,MScarlet,27 Feb 2014 08:55,D,false,tale
Daddy-摘自Dr. ████████女兒的日記,/daddy,(account deleted),05 Aug 2017 13:57,D,false,tale
爸爸的长腿,/daddy-long-legs,Rain-Aria,30 Aug 2018 04:07,D,false,tale
致我的员工,/dad-please-it-isnt-funny,Hannah_AI,14 Jan 2018 00:20,D,false,tale
Dai-tō-a,/dai-to-a,Thewither233,24 Aug 2018 13:16,D,false,tale
万圣之舞,/dance-the-danse,M Element,13 Nov 2017 00:31,D,false,tale
平行宇宙和蒲公英酒,/dandelions,M Element,11 Oct 2017 03:04,D,false,tale
Dark与不安,/dark-and-disquieting,qjfoidnh,18 Apr 2018 18:08,D,false,tale
约会之夜,/date-night,Minagawa Mamoru,21 May 2017 06:30,D,false,tale
天亮了,/daylight-come,M Element,10 Oct 2017 01:28,D,false,tale
飞逝的日子,/days-gone-by,Letitia213,23 Jan 2016 04:28,D,false,tale
D级人员指南,/d-class-orientation,MScarlet,05 Feb 2014 04:23,D,false,tale
与魔谋易,/deals-with-the-devil,Letitia213,23 Jan 2016 06:38,D,false,tale
正派,/decency,Yaaaaaak,02 Feb 2017 17:05,D,false,tale
我们的抉择,/decisions-we-make,qjfoidnh,24 Mar 2018 10:24,D,false,tale
被D之后,/decomm-anon,M Element,09 Nov 2017 06:32,D,false,tale
删了,/delet-this,Cynthia7979,19 Aug 2018 05:35,D,false,tale
扣押,/detained,Chricton,27 Jul 2018 11:04,D,false,tale
Deus Vult,/deus-vult,varitas096,10 May 2018 14:22,D,false,tale
献身,/devotion,Freedom Koo,26 Mar 2017 05:49,D,false,tale
小女孩的日记,/diary-of-a-young-girl,M Element,23 Oct 2017 03:55,D,false,tale
不同种类的虚无主义,/different-kinds-of-nihilism,Rakish_Rambler,31 Mar 2018 08:02,D,false,tale
闪击,/discovered-attack,M Element,30 Oct 2017 01:09,D,false,tale
善后与交谈,/disposal-and-discourse,Chricton,08 Aug 2018 03:26,D,false,tale
博士 博士 博士,/doctor-doctor-doctor,Airalin_Knowledge,04 Mar 2017 09:50,D,false,tale
Ronald Stimson博士的人事档案,/doctor-ronald-stimson-s-personnel-file,Rain-Aria,14 Aug 2018 08:24,D,false,tale
文件Alpha-Zeta-2,/document-alpha-zeta-2,Airalin_Knowledge,04 Mar 2017 12:36,D,false,tale
回收自马里亚纳海沟的文档,/document-recovered-from-the-marianas-trench,Letitia213,30 Dec 2015 05:53,D,false,tale
不用打电话过来，我们会打给你的,/don-t-call-us-we-ll-find-you,M Element,11 Oct 2017 03:00,D,false,tale
勿忘,/don-t-forget,M Element,20 Oct 2017 22:33,D,false,tale
不要习以为常,/dont-get-used-to-it,Freedom Koo,08 May 2018 02:06,D,false,tale
档案 - FSF 运输者号,/dossier-fsf-delivery,Agent Phage,25 Mar 2018 01:19,D,false,tale
沿着银色河流,/down-the-silver-river,Hannah_AI,07 Dec 2017 01:51,D,false,tale
COG博士和神奇塑料,/dr-cog-and-the-plastic-fantastic,Flea_ZER0,20 Jun 2016 04:43,D,false,tale
标准梦境报告66-Y 990.1,/dream-report-990-1,Airalin_Knowledge,24 Jan 2017 05:28,D,false,tale
标准梦境报告66-Y 990.2,/dream-report-990-2,(account deleted),14 Jun 2017 02:44,D,false,tale
女生派对：打扮,/dressing-up,Ryan SQuirrel,29 Jul 2017 15:46,D,false,tale
碇博士，我想,/dr-ikari-i-presume,Archibald1,14 Dec 2016 05:36,D,false,tale
Robinson博士的供述,/dr-robinsons-statement,M Element,21 Mar 2018 16:31,D,false,tale
公爵的末日,/duke-till-dawn,Letitia213,21 Jan 2016 05:47,D,false,tale
黄昏,/dusk,W Asriel,12 Jun 2018 14:32,D,false,tale
尘与血,/dust-and-blood,Freedom Koo,17 Apr 2018 15:30,D,false,tale
使命,/duty,eric opraxia,27 Aug 2018 08:52,D,false,tale
群堡 2,/dying-out-west,MottHery,27 Jul 2018 17:52,D,false,tale
O5的末日,/ecceperago,Freedom Koo,26 Mar 2017 08:50,E,false,tale
伊甸,/eden,Sraosha,15 Sep 2018 08:03,E,false,tale
可怕的申请,/eldritch-application,Letitia213,18 Jan 2016 15:12,E,false,tale
电子数据,/electronic-data,Arthur_Evoluna,28 May 2018 11:39,E,false,tale
电梯,/elevator,Altale,13 Aug 2017 16:05,E,false,tale
同情,/empathy,Rye Travis,05 May 2018 04:29,E,false,tale
空虚永夜,/empty-nights,M Element,23 Oct 2017 04:01,E,false,tale
空空的无名墓穴,/empty-unmarked-grave,Chricton,27 Feb 2018 11:46,E,false,tale
結局,/end,Letitia213,23 Jan 2016 09:05,E,false,tale
终末,/end-of-line,Idokoe,13 Jun 2018 13:01,E,false,tale
月末,/end-of-the-month,M Element,16 Oct 2017 02:52,E,false,tale
线粒体,/endosymbiotic-theory,Rain-Aria,17 Jul 2018 08:45,E,false,tale
恩奇都,/enkidu,varitas096,24 May 2018 11:16,E,false,tale
後記,/epilogue,Letitia213,23 Jan 2016 09:08,E,false,tale
墓志铭,/epitaph,Freedom Koo,18 May 2017 18:26,E,false,tale
Glass x Diogenes一生推！ <3,/erogenous-diogenous,Alty_FMN,11 Sep 2018 15:45,E,false,tale
何为伦理？,/ethical,MScarlet,13 Jun 2014 23:32,E,false,tale
伦理道德,/ethics,M Element,18 Apr 2018 00:40,E,false,tale
伦理道德委员会培訓,/ethics-committee-orientation,Letitia213,30 Dec 2015 04:42,E,false,tale
欧几里德思维,/euclidean-thinking,(account deleted),03 Mar 2017 04:05,E,false,tale
生者悼词,/eulogy-for-the-living,Chricton,20 Sep 2018 13:03,E,false,tale
TMD每一次都这样,/every-damn-time,(account deleted),30 Jul 2017 10:01,E,false,tale
第二次约会,/every-day-of-my-life-you-test-me,Hannah_AI,30 Apr 2018 07:19,E,false,tale
最后的每一滴,/every-last-drop,Chricton,22 Jun 2018 13:47,E,false,tale
人尽皆知,/everyone-knows,Freedom Koo,06 Feb 2017 14:35,E,false,tale
每个另一天,/every-other-day,Airalin_Knowledge,13 Jan 2018 12:07,E,false,tale
摘录自《Bartholomew Artz医生的医学悲剧》，作者未知,/excerpts-from-the-medical-tragedy-of-dr-bartholomew-artz-aut,(account deleted),05 Aug 2017 14:54,E,false,tale
培训班摘录：基金会中的某些鲜为人知的职业,/excerpts-from-training-seminars-for-lesser-known-foundation,(account deleted),04 Jul 2017 04:22,E,false,tale
实验记录040,/experiment-log-040,Letitia213,22 Jan 2016 16:32,E,false,tale
实验记录 158 AG,/experiment-log-158-ag,Letitia213,02 Jan 2016 08:07,E,false,tale
实验日志 784-BETA,/experiment-log-784-beta,Letitia213,22 Jan 2016 09:55,E,false,tale
实验日志 914 Theta,/experiment-log-914-theta,Letitia213,22 Jan 2016 08:48,E,false,tale
未曾谋面之人,/faceless,M Element,30 Oct 2017 01:55,F,false,tale
工厂搜查记,/factory-finding-mission,(account deleted),30 Jul 2017 10:15,F,false,tale
家庭公开协议,/family-disclosure-protocol,qjfoidnh,13 May 2018 15:57,F,false,tale
谎言之父,/father-of-lies,Airalin_Knowledge,04 Mar 2017 11:51,F,false,tale
恐惧唯存,/fear-alone,Freedom Koo,13 Mar 2017 13:00,F,false,tale
发烧,/feverish,Freedom Koo,26 Mar 2017 05:50,F,false,tale
田间人,/field-man,Rye Travis,16 Jul 2018 02:22,F,false,tale
图形与背景,/figure-and-ground,Hannah_AI,13 Nov 2017 02:08,F,false,tale
最终突击命令,/final-attack-orders,Letitia213,26 Jan 2016 15:29,F,false,tale
寻找Anderson,/finding-anderson,qjfoidnh,17 Feb 2018 04:52,F,false,tale
寻获机械,/finding-the-machine,M Element,08 Oct 2017 02:33,F,false,tale
火,/fire,Sraosha,23 Sep 2018 16:15,F,false,tale
地平线之火,/fire-on-the-horizon,Holy_Darklight,24 Feb 2017 06:36,F,false,tale
55名先驱者,/first55,Agent Phage,06 Apr 2018 00:39,F,false,tale
初来乍到,/first-day,M Element,16 Oct 2017 02:45,F,false,tale
拥有示波器之眼的男人,/first-interlude,M Element,30 Oct 2017 02:21,F,false,tale
五年,/five-years,Agent Phage,03 Mar 2018 18:29,F,false,tale
火烈鸟,/flamingos,A14192,12 Jul 2017 09:14,F,false,tale
灵活对待,/flexibility,Letitia213,26 Jan 2016 08:42,F,false,tale
Flora,/flora,Rain-Aria,13 Jul 2018 07:16,F,false,tale
流,/flow,Flea_ZER0,01 Jun 2016 12:15,F,false,tale
鲜花女孩,/flower-girl,Hannah_AI,16 Jun 2018 23:44,F,false,tale
跟着Keter,/follow-the-keter,(account deleted),27 May 2017 07:22,F,false,tale
脚步,/footsteps,Airalin_Knowledge,18 Jan 2017 07:59,F,false,tale
外援,/foreign-aid,M Element,16 Oct 2017 02:57,F,false,tale
为了再公开,/fortherepublic,Alty_FMN,29 Jul 2018 12:51,F,false,tale
基金会汉堡店,/foundation-burger,M Element,16 Oct 2017 03:12,F,false,tale
基金会打油诗——一系列以SCP人员为主题的童谣,/foundation-rhymes,M Element,28 Oct 2017 06:13,F,false,tale
奠基,/founding,Letitia213,24 Jan 2016 02:54,F,false,tale
四秒，低音,/four-seconds-low-pitched,Tunardine777,26 Jul 2018 19:20,F,false,tale
1̶4̶ 13,/f-o-u-r-t-e-e-n-thirteen,Hannah_AI,01 Nov 2017 02:30,F,false,tale
漫长的第四赛季,/fourth-and-long,Ryin-silverfish,07 May 2017 01:44,F,false,tale
免费现实检定!：按钮,/free-reality-check-press-button,Sraosha,26 Sep 2018 12:45,F,false,tale
活地狱,/fresh-hell,M Element,21 Dec 2017 05:50,F,false,tale
周五,/friday,M Element,30 Oct 2017 04:28,F,false,tale
布莱克伍德爵士与大脚怪,/from-the-diaries-of-lord-blackwood,Letitia213,24 Jan 2016 13:07,F,false,tale
葬礼就是乐子,/funerals-are-fun,Ryin-silverfish,12 Apr 2017 00:41,F,false,tale
有趣小說,/funfiction,MScarlet,15 Aug 2015 18:08,F,false,tale
比赛日1：超·虎胆龙威,/game-day-1-die-hardest,Alty_FMN,04 Sep 2018 15:27,G,false,tale
比赛日部分1：咀嚼，吞咽，呕吐,/game-day-1-dr-mause,Alty_FMN,08 Sep 2018 09:05,G,false,tale
比赛日部分1：复制品侵袭,/game-day-1-johannes-sorts,Alty_FMN,02 Sep 2018 15:41,G,false,tale
比赛日部分1：微笑者,/game-day-1-smilers,Alty_FMN,10 Aug 2018 14:38,G,false,tale
比赛日：成虫,/gamedaypart1imago,Alty_FMN,08 Sep 2018 11:28,G,false,tale
反大麻玩家档案,/gamers-against-weed-dossier,Rakish_Rambler,03 Feb 2018 05:31,G,false,tale
现实扭曲者的游戏,/games-reality-benders-play,M Element,28 Mar 2017 08:27,G,false,tale
比赛日章节二：“……然后我看见了光”,/gdp2-and-then-i-saw-the-light,Alty_FMN,17 Sep 2018 11:55,G,false,tale
冲角,/gdp2-angle-of-attack,M Element,23 Oct 2017 04:23,G,false,tale
玩笑,/gdp2-fun,Ravenfield,16 Dec 2016 11:47,G,false,tale
隧道尽头的光,/gdp2-the-light-at-the-end-of-the-tunnel,Alty_FMN,24 Sep 2018 05:12,G,false,tale
世界之间的隧道,/gdp2-tunneling-between-worlds,Alty_FMN,27 Sep 2018 09:54,G,false,tale
Gears绝对不是机器人,/gears-is-totally-not-a-robot-guys,Airalin_Knowledge,18 Jan 2017 08:09,G,false,tale
女生派对：喝醉,/getting-drunk,Hakuhaku,27 Mar 2018 00:14,G,false,tale
Gerald炸鸡,/gfc,Airalin_Knowledge,04 Mar 2017 12:07,G,false,tale
给予恶人以好主意,/giving-bad-people-good-ideas,Airalin_Knowledge,26 Feb 2017 13:45,G,false,tale
████████████教授的讲座摘要：关于以太能量和形态辐射,/goc-supplemental-arad,EliteEric,22 Apr 2017 15:37,G,false,tale
物理部门外勤手册 1 摘要：行动员手册,/goc-supplemental-basic-guide,EliteEric,14 Apr 2017 15:41,G,false,tale
物理部门外勤手册 2 摘要：装备及器材,/goc-supplemental-equipment,EliteEric,14 Apr 2017 16:12,G,false,tale
物理部门外勤手册 13 摘要：特殊情况、人形威胁实体,/goc-supplemental-humanoid-guide,EliteEric,14 Apr 2017 17:07,G,false,tale
████████████教授的讲座摘要：总结和问答,/goc-supplemental-qandq,EliteEric,22 Apr 2017 15:47,G,false,tale
████████████教授的讲座摘要：关于应用奇术,/goc-supplemental-thaumatology,EliteEric,22 Apr 2017 15:28,G,false,tale
████████████教授的讲座摘要：关于奇术进程,/goc-supplemental-thaumworkings,EliteEric,22 Apr 2017 15:41,G,false,tale
物理部门威胁实体数据库摘要,/goc-supplemental-threat-entities,EliteEric,15 Apr 2017 07:22,G,false,tale
来我的客厅看看,/goc-tale-comeintomyparlor,JustinTrenchcoat,08 Apr 2018 22:16,G,false,tale
BL-7 Alpha事故记录,/goc-tale-incident-bl-7-alpha,EliteEric,14 Apr 2017 14:04,G,false,tale
评估,/goc-tale-sequence-assessment,EliteEric,14 Apr 2017 13:09,G,false,tale
监察者,/goc-tale-sequence-awtok,JustinTrenchcoat,24 Jan 2018 03:20,G,false,tale
外交,/goc-tale-sequence-diplomacy,Dr RainSnow,10 Mar 2018 10:20,G,false,tale
远点,/goc-tale-sequence-farpoint,heartlessed,24 Aug 2017 09:49,G,false,tale
特派员,/goc-tale-sequence-special-observer,EliteEric,14 Apr 2017 13:22,G,false,tale
攻击,/goc-tale-sequence-strike,EliteEric,14 Apr 2017 13:18,G,false,tale
回火,/goc-tale-sequence-tempering,Dr RainSnow,16 Apr 2018 15:42,G,false,tale
UHEC,/goc-tale-sequence-uhec,JustinTrenchcoat,07 May 2018 19:40,G,false,tale
守夜,/goc-tale-sequence-vigil,Dr RainSnow,17 Feb 2018 13:45,G,false,tale
神是,/god-am,O_L,26 Mar 2017 06:10,G,false,tale
走自己的路,/going-my-way,Letitia213,22 Jan 2016 07:05,G,false,tale
输出,/going-out,M Element,01 Oct 2017 01:59,G,false,tale
脱离书本,/going-out-of-book,CaterinaC,16 Mar 2018 01:04,G,false,tale
月为死世,/golden-dawn,MottHery,20 Jul 2018 07:26,G,false,tale
金帐穿越军,/golden-horde-blues,(account deleted),04 May 2017 08:51,G,false,tale
完好如初,/good-as-new,qjfoidnh,05 Mar 2018 08:49,G,false,tale
早安，世界,/good-morning-world,M Element,16 Oct 2017 03:01,G,false,tale
紧握现实,/grasp-on-reality,Letitia213,22 Jan 2016 07:00,G,false,tale
油脂,/grease,Sraosha,28 Sep 2018 08:49,G,false,tale
绿色型,/green,Letitia213,24 Jan 2016 03:41,G,false,tale
绿灰色,/green-gray,MScarlet,10 Jul 2015 03:51,G,false,tale
地面控制,/ground-control,M Element,09 Nov 2017 06:10,G,false,tale
团体约会,/group-date,Arthur_Evoluna,28 May 2018 01:32,G,false,tale
S&C塑料公司的万圣节,/halloween-at-s-c-plastics,M Element,07 Oct 2017 03:07,H,false,tale
圣人的内心,/hallowinside,miumeat,16 Mar 2018 14:36,H,false,tale
HAMI-BOMBARD蓝调，Part I,/hamibombard1,Agent Phage,19 Jun 2018 09:01,H,false,tale
来自Nobody的生日祝福,/happy-birthday-from-nobody,FallenSakura,07 Aug 2017 12:26,H,false,tale
SCP-261的日常,/happy-free-market-log-17643390,Airalin_Knowledge,04 Mar 2017 12:20,H,false,tale
先导者,/harbinger,(account deleted),14 Jun 2017 02:53,H,false,tale
哈特利斯侦探事务所,/hartliss-detective-agency,ahshow,01 Jun 2018 14:53,H,false,tale
帽子,/hats,Airalin_Knowledge,04 Mar 2017 12:12,H,false,tale
Hector与Jacob,/hector-and-jacob,ziper,17 Feb 2018 03:36,H,false,tale
"格拉納達夏令營"行動,/hellomuddah,MScarlet,19 Jun 2015 19:08,H,false,tale
Hello World 第一部分,/hello-world,Zarthustra,14 Jul 2017 13:28,H,false,tale
Hello World 第二部分,/hello-world-part-ii,Ryan SQuirrel,18 Jul 2017 05:12,H,false,tale
Hello World 第三部分,/hello-world-part-iii,Zarthustra,02 Aug 2017 18:18,H,false,tale
Hello World 第四部分,/hello-world-part-iv,Zarthustra,03 Aug 2017 13:16,H,false,tale
赫菲斯托斯,/hephaestus,Euraniidae,26 Apr 2018 08:10,H,false,tale
这里是,/heretherebe,Rain-Aria,18 Jun 2018 08:55,H,false,tale
英灵Alexei Belitrov,/heroic-spirit-alexei-belitrov,Alty_FMN,15 Sep 2018 13:18,H,false,tale
晴日已到，而他又聋又瞎,/he-was-blind-and-deaf-on-a-sunny-day,qjfoidnh,09 Apr 2018 17:32,H,false,tale
Hiccup Jacet,/hiccup-jacet,Letitia213,22 Jan 2016 07:13,H,false,tale
隐匿之美,/hiding-beauty,Rain-Aria,30 Aug 2018 13:03,H,false,tale
五个贡品的故事,/hint-the-thing-is-173,M Element,29 Oct 2017 08:06,H,false,tale
他的发条仆役,/his-clockwork-servants,(account deleted),09 May 2017 14:08,H,false,tale
他那双和善的眼,/his-kind-eyes,M Element,28 Oct 2017 06:04,H,false,tale
历史,/history,(account deleted),08 Jul 2017 07:35,H,false,tale
基金会之主,/holder-of-the-foundation,MScarlet,08 Nov 2015 15:48,H,false,tale
屋主,/homeowners,Hannah_AI,20 Jun 2018 06:48,H,false,tale
173如何抵达Site-19,/how-173-got-to-site-19,Sraosha,27 Sep 2018 13:08,H,false,tale
Clef博士如何拯救圣诞节,/how-dr-clef-saved-christmas,Freedom Koo,03 Feb 2017 12:51,H,false,tale
如何不滥用基金会资源,/how-not-to-misappropriate-foundation-resources,Echo Rosen,15 Sep 2018 15:03,H,false,tale
Site-19是如何被炸毁的,/how-site-19-blew-up,Sraosha,19 Sep 2018 15:24,H,false,tale
論SPC是如何破壞萬聖節的,/how-the-spc-ruined-halloween,Letitia213,23 Jan 2016 10:14,H,false,tale
悬索紧缢,/how-tightly-the-coils-squeeze,Ravenfield,17 Dec 2016 10:06,H,false,tale
追踪Anderson,/hunting-anderson,qjfoidnh,16 Feb 2018 13:03,H,false,tale
我即基金会,/i-am-the-organisation,Frequema,05 Jul 2017 01:39,I,false,tale
绅士的典范,/i-am-the-very-model,Letitia213,24 Jan 2016 13:10,I,false,tale
Iceberg把135放在冰上,/iceberg-puts-135-on-ice,(account deleted),22 May 2017 03:47,I,false,tale
脓水,/ichor,Hannah_AI,06 Mar 2018 08:02,I,false,tale
我不想独自一人,/i-don-t-want-to-bee-alone,Rye Travis,17 Jul 2018 09:04,I,false,tale
如果你有时间的话我们为什么不找一个只有我们知道的地方去聊聊天呢,/if-you-have-a-minute-why-don-t-we-go-talk-about-it-somewhere,Hensec Stutter,03 Jan 2018 15:41,I,false,tale
我有一些事要分享。,/i-have-something-to-share,Sraosha,27 Sep 2018 15:49,I,false,tale
我期望，我能在死亡前老去,/i-hope-that-i-get-old-before-i-die,M Element,15 Nov 2017 02:05,I,false,tale
我希望你能早点回来,/i-hope-you-get-back-to-me-soon,(account deleted),26 Jul 2017 12:32,I,false,tale
圣诞时我将归家,/ill-be-home-for-christmas,Hensec Stutter,02 Jan 2018 05:30,I,false,tale
下次再会,/i-ll-see-you-next-time,M Element,23 Oct 2017 04:48,I,false,tale
紧急动作,/immediate-actions,Letitia213,23 Jan 2016 05:54,I,false,tale
事故239-删节版,/incident-239-abridged,(account deleted),14 Jul 2017 09:43,I,false,tale
事件239-B - Clef-Kondraki,/incident-239-b-clef-kondraki,Letitia213,15 Jan 2016 08:41,I,false,tale
事故682-1548,/incident-682-1548,(account deleted),27 May 2017 07:58,I,false,tale
事件报告KAF-09,/incident-report-kaf-09,Alty_FMN,13 Sep 2018 06:25,I,false,tale
事件 TA-05-003-██-1,/incident-ta-05-003-1,(account deleted),14 Mar 2017 08:38,I,false,tale
零点事件-第一部分,/incident-zero-part-1,Hakuhaku,23 Oct 2017 13:13,I,false,tale
零点事件-第二部分,/incident-zero-part-2,Hakuhaku,24 Oct 2017 07:07,I,false,tale
零点事件-第三部分,/incident-zero-part-3,Hakuhaku,25 Oct 2017 13:34,I,false,tale
零点事件-第四部分,/incident-zero-part-4,Hakuhaku,13 Mar 2018 02:27,I,false,tale
零点事件-第五部分,/incident-zero-part-5,Hakuhaku,14 Mar 2018 10:55,I,false,tale
人格独立,/individuality,M Element,20 Oct 2017 22:22,I,false,tale
于Bright中永存,/indwelling-of-bright,Rain-Aria,18 Jun 2018 06:58,I,false,tale
流感,/influenza,Freedom Koo,26 Mar 2017 05:35,I,false,tale
以上帝的名义,/in-god-s-name,ruscccp,13 Apr 2017 11:25,I,false,tale
伤痕累累的路上,/in-harm-s-way,Hakuhaku,20 May 2018 11:53,I,false,tale
他心之形：尾声,/in-his-own-image-epilogue,Flea_ZER0,02 Jun 2016 13:25,I,false,tale
他心之形：插曲 1,/in-his-own-image-interlude-1,Flea_ZER0,02 Jun 2016 11:49,I,false,tale
他心之形：插曲 2,/in-his-own-image-interlude-2,Flea_ZER0,02 Jun 2016 12:04,I,false,tale
他心之形：插曲 3,/in-his-own-image-interlude-3,Flea_ZER0,02 Jun 2016 12:29,I,false,tale
他心之形：插曲 4,/in-his-own-image-interlude-4,Flea_ZER0,02 Jun 2016 12:43,I,false,tale
他心之形：插曲 5,/in-his-own-image-interlude-5,Flea_ZER0,02 Jun 2016 12:53,I,false,tale
他心之形：插曲 6,/in-his-own-image-interlude-6,Flea_ZER0,02 Jun 2016 13:05,I,false,tale
他心之形：第一部分,/in-his-own-image-part-1,Flea_ZER0,02 Jun 2016 11:46,I,false,tale
他心之形：第二部分,/in-his-own-image-part-2,Flea_ZER0,02 Jun 2016 11:57,I,false,tale
他心之形：第三部分,/in-his-own-image-part-3,Flea_ZER0,02 Jun 2016 12:13,I,false,tale
他心之形：第四部分,/in-his-own-image-part-4,Flea_ZER0,02 Jun 2016 12:37,I,false,tale
他心之形：第五部分,/in-his-own-image-part-5,Flea_ZER0,02 Jun 2016 12:47,I,false,tale
他心之形：第六部分,/in-his-own-image-part-6,Flea_ZER0,02 Jun 2016 12:59,I,false,tale
他心之形：第七部分,/in-his-own-image-part-7,Flea_ZER0,02 Jun 2016 13:13,I,false,tale
下面是其他新闻，,/in-other-news,(account deleted),30 Jul 2017 12:36,I,false,tale
余波：而这就是真正发生的,/insertjokeinurlhere,(account deleted),28 May 2017 18:04,I,false,tale
在墙里,/inside-the-wall,Eurya,01 Sep 2018 06:44,I,false,tale
权限不足,/insufficient-clearance,Chricton,23 Sep 2017 14:31,I,false,tale
追忆：第一乐章,/in-symphony,Letitia213,23 Jan 2016 04:33,I,false,tale
健全计划,/integrity-project,Letitia213,23 Jan 2016 06:47,I,false,tale
干扰,/interference,M Element,30 Oct 2017 03:59,I,false,tale
插曲 - 漂移,/interlude-drift,Sraosha,15 Sep 2018 07:35,I,false,tale
插页-摘自一份拍卖目录-Marshall Carter And Dark，2012,/interlude-excerpt-from-an-auction-catalog-marshall-carter-an,MScarlet,06 May 2014 14:58,I,false,tale
幕间剧2,/intermission2,Airalin_Knowledge,04 Mar 2017 10:20,I,false,tale
插曲：小偷的备忘录,/internal-memo-regarding-a-theft,LeoOverheat,08 Jul 2018 17:56,I,false,tale
番外篇 1,/interval-1,Letitia213,23 Jan 2016 08:29,I,false,tale
番外篇 2,/interval-2,Letitia213,23 Jan 2016 08:42,I,false,tale
相关组织面试,/interviews-with-prospective-groups-of-interest,M Element,19 Apr 2018 04:43,I,false,tale
顾大局,/in-the-big-league,M Element,07 Nov 2017 04:55,I,false,tale
在生命的魔掌中,/in-the-clutches-of-life,qjfoidnh,17 Jun 2018 04:52,I,false,tale
终末：Elite,/intheendelite,M Element,30 Oct 2017 02:10,I,false,tale
终焉：要有光,/intheendfiatlux,MScarlet,09 Sep 2014 22:22,I,false,tale
终末：Europe,/intheendfinally,M Element,12 Oct 2017 17:00,I,false,tale
终末：猴子事业,/intheendmonkeybusiness,M Element,12 Oct 2017 17:10,I,false,tale
终末：Rawhide,/intheendrawhide,M Element,12 Oct 2017 16:55,I,false,tale
终末：我们不敢去狩猎,/intheendwedarenotgoahunting,Rain-Aria,18 Jun 2018 03:26,I,false,tale
盲者之地,/in-the-land-of-the-blind,M Element,23 Oct 2017 04:36,I,false,tale
高墙之影,/in-the-shadow-of-a-high-wall,(account deleted),24 Feb 2017 03:49,I,false,tale
逆模因学入门,/introductory-antimemetics,MillaLya,21 Feb 2017 12:46,I,false,tale
这个故事里Clef博士他没死也没参与促进任何模因甚至都没出场,/in-which-dr-clef-does-not-die-nor-participate-in-the-further,M Element,16 Oct 2017 03:15,I,false,tale
“我要辞职”,/iquit,Letitia213,23 Jan 2016 05:36,I,false,tale
我记得我的英雄,/i-remember-my-heroes,M Element,09 Oct 2017 03:56,I,false,tale
我看见一片黑暗,/i-see-a-darkness,MottHery,30 Jun 2018 05:55,I,false,tale
屿记,/island-story,Greenson,26 Oct 2016 14:55,I,false,tale
伊斯拉斐尔,/israfil,Sraosha,14 Sep 2018 10:37,I,false,tale
我凝视着万物，之后是乌有，然后从乌有中活着回归,/i-stared-into-the-face-of-everything-and-nothing,Hannah_AI,05 Feb 2018 08:26,I,false,tale
第0迭代,/iteration-0,(account deleted),05 Jul 2017 06:54,I,false,tale
我以为你已独亡,/i-thought-you-died-alone,Letitia213,23 Jan 2016 07:54,I,false,tale
如果我们一同乞求，上帝也许会原谅你,/i-thought-you-would-come-back-if-i-made-it-well,Freedom Koo,05 Feb 2017 03:30,I,false,tale
就那么分崩离析,/it-just-shattered,Letitia213,26 Jan 2016 06:51,I,false,tale
神的往事,/it-might-have-been,M Element,09 Nov 2017 06:38,I,false,tale
这是鸟？是飞机？不！它是—！,/it-s-a-bird-it-s-a-plane-it-s,M Element,10 Oct 2017 01:19,I,false,tale
现在一切都在我们身后了,/its-all-behind-us-now,Hannah_AI,07 Jun 2018 04:25,I,false,tale
它只不过是喷漆罢了，对吧？,/it-s-just-paint-right,Ze_Gui,18 Jun 2017 07:24,I,false,tale
不是这么拼的！,/it-s-not-spelled-like-that,Letitia213,23 Jan 2016 10:24,I,false,tale
这是如你所知的世界末日（而且我感觉良好）,/its-the-end-of-the-world-as-you-know-it,Rye Travis,31 Aug 2018 07:45,I,false,tale
这不是渡假,/it-wasn-t-a-vacation,Letitia213,24 Jan 2016 05:24,I,false,tale
SCP宝可梦,/i-wanna-be-the-very-best,M Element,23 Oct 2017 06:22,I,false,tale
“像梦一样......”,/i-want-to-dream,Huskar_CN,27 May 2018 12:28,I,false,tale
我想告诉你,/i-want-to-tell-you,O_L,28 Feb 2017 05:24,I,false,tale
我并不高尚,/i-was-not-magnificent,(account deleted),23 Jul 2017 09:20,I,false,tale
梅花Jack,/jackofclubs,Rain-Aria,17 Jun 2018 18:40,J,false,tale
方片Jack,/jackofdiamonds,Flea_ZER0,20 Jun 2016 11:52,J,false,tale
横穿马路,/jaywalk,Freedom Koo,26 Mar 2017 05:44,J,false,tale
一份无法拒绝的邀请,/job-offer,ziper,01 Sep 2018 22:20,J,false,tale
工作机会,/job-opportunities,butwedo,04 Jun 2018 07:58,J,false,tale
乔伊·操蛋造了架飞行机器,/joey-fucknuts-builds-a-flying-machine,Tunardine777,10 Apr 2018 05:10,J,false,tale
乔伊·操蛋飞向天际,/joey-fucknuts-takes-to-the-skies,Tunardine777,24 Jun 2018 08:41,J,false,tale
Johnny的狂野冒险,/johnnys-wild-ride,varitas096,03 Nov 2017 14:37,J,false,tale
朝鲜陷落,/joseon,Letitia213,23 Jan 2016 15:51,J,false,tale
随记,/jot-it-down,Airalin_Knowledge,04 Mar 2017 12:23,J,false,tale
J. T. H.,/jth,AdamDawn,20 Jun 2018 07:04,J,false,tale
只是礼仪,/just-a-formality,Letitia213,23 Jan 2016 06:45,J,false,tale
只是另一名Nobody,/just-another-nobody,Rain-Aria,13 Jul 2018 04:33,J,false,tale
相顾有言,/just-a-word-to-me,Stone Frank,29 Aug 2018 05:58,J,false,tale
第三次约会,/just-fuck-it-up-irl,Hannah_AI,25 May 2018 06:32,J,false,tale
Keter警示錄,/ketergrams,MScarlet,22 May 2015 23:08,K,false,tale
戴帽子的Keter,/keters-with-hats,Alty_FMN,13 Sep 2018 06:03,K,false,tale
殺死682,/kill-682,Letitia213,19 Jan 2016 06:25,K,false,tale
屈服于Keter吧！,/knee-deep-in-the-keter,Letitia213,29 Jan 2016 07:43,K,false,tale
刀,/knives,Freedom Koo,26 Mar 2017 05:42,K,false,tale
陆战棋,/kriegspiel,Archibald1,08 Apr 2017 09:18,K,false,tale
实验室介绍,/lab-induction,(account deleted),17 May 2017 05:57,L,false,tale
野营的最后几天,/last-days-at-camp,Mushhhroom,17 Jul 2018 13:11,L,false,tale
最后一次见面,/last-meetings,Idokoe,10 Nov 2017 03:03,L,false,tale
末班机飞离南方,/last-plane-out-of-the-south,SergioSerio,10 Apr 2018 16:12,L,false,tale
Svalbard的遺言,/last-words-from-svalbard,W Asriel,26 Jun 2018 15:26,L,false,tale
深夜,/late-night,Freedom Koo,26 Mar 2017 05:38,L,false,tale
学习,/learning,Letitia213,23 Jan 2016 12:24,L,false,tale
情报人员的破事,/learning-shit,(account deleted),18 Mar 2017 08:09,L,false,tale
狐猴,/lemuridae,M Element,10 Nov 2017 04:14,L,false,tale
帮一记忙,/lending-a-hand,Hakuhaku,01 Apr 2018 12:56,L,false,tale
吸取的教训,/lessons-learned,qjfoidnh,03 Apr 2018 08:23,L,false,tale
今日来信,/letter-of-the-day,Alty_FMN,10 Sep 2018 11:26,L,false,tale
贝拿勒斯的来信,/letters-from-benares,Ryin-silverfish,15 Apr 2017 00:53,L,false,tale
先知读信,/letters-to-a-prophet,M Element,12 Oct 2017 17:36,L,false,tale
先知读信2：进阶占卜,/letters-to-a-prophet-2-scry-harder,Elaine Evelyn,05 Sep 2018 11:30,L,false,tale
惟神可评判我,/let-us-get-murdered,MottHery,07 Jul 2018 08:45,L,false,tale
庞然大物,/leviathan,Sraosha,27 Sep 2018 17:53,L,false,tale
插曲：一场展览,/library-gallery-exhibition,LeoOverheat,14 Apr 2018 19:33,L,false,tale
生与死,/life-and-death,Airalin_Knowledge,18 Jan 2017 07:05,L,false,tale
多元宇宙里的生活,/life-in-the-multiverse,Tunardine777,24 Sep 2018 06:27,L,false,tale
生命本质,/life-itself,Rye Travis,20 May 2018 02:55,L,false,tale
救星,/life-saver,Freedom Koo,26 Mar 2017 06:11,L,false,tale
冰冷人生,/life-s-cold,Frequema,05 Jul 2017 01:03,L,false,tale
光合反应,/light-dependent-reactions,Letitia213,23 Jan 2016 07:15,L,false,tale
小SCP-507的迷失,/little-scp-507-lost,M Element,30 Oct 2017 04:21,L,false,tale
活在聚光灯之下,/living-in-the-limelight,Hannah_AI,27 Nov 2017 23:29,L,false,tale
古老传说,/local-legends,M Element,08 Oct 2017 02:24,L,false,tale
门锁,/locks,Airalin_Knowledge,18 Jan 2017 06:30,L,false,tale
特工AA的人事记录,/log-of-agent-aa,Letitia213,22 Jan 2016 15:52,L,false,tale
异常玩具鸭目录,/log-of-anomalous-ducks,Flea_ZER0,31 May 2016 10:30,L,false,tale
异常项目记录,/log-of-anomalous-items,Letitia213,10 Dec 2015 09:58,L,false,tale
異常地點記錄,/log-of-anomalous-locations,Letitia213,19 Dec 2015 07:35,L,false,tale
超常事件記錄,/log-of-extranormal-events,Letitia213,18 Dec 2015 15:24,L,false,tale
吾王万岁,/long-live-the-king,(account deleted),24 Mar 2017 09:25,L,false,tale
第一插曲：老学校,/lonwood,Letitia213,23 Jan 2016 04:37,L,false,tale
在你家附近的画廊！即将开业！~,/look-at-me-im-inventing-a-new-group-of-interest,(account deleted),09 May 2017 14:15,L,false,tale
展望未来,/looking-ahead,Idokoe,07 Sep 2018 01:30,L,false,tale
终曲：遗言,/looking-back,Letitia213,23 Jan 2016 04:49,L,false,tale
循环,/loop,M Element,23 Oct 2017 05:18,L,false,tale
功亏一篑,/loose-ends,M Element,28 Oct 2017 07:04,L,false,tale
放松一点,/loosen-up-a-bit,Ryan SQuirrel,13 Jul 2018 19:43,L,false,tale
布莱克伍德爵士和83年的塔拉斯克大狩猎,/lord-blackwood-and-the-great-tarasque-hunt-of-83,Letitia213,24 Jan 2016 14:48,L,false,tale
布莱克伍德爵士在不洁之地,/lord-blackwood-and-the-land-of-the-unclean,Letitia213,25 Jan 2016 11:49,L,false,tale
布莱克伍德爵士和咒术师,/lord-blackwood-and-the-thaumaturge-the-t,Letitia213,25 Jan 2016 08:46,L,false,tale
布莱克伍德爵士，宇-航-员,/lord-blackwood-astro-naut,Letitia213,25 Jan 2016 09:01,L,false,tale
布萊克伍德爵士的復仇,/lord-blackwood-s-revenge,Letitia213,25 Jan 2016 08:51,L,false,tale
爱恨,/love-hate,Altale,29 Oct 2017 00:12,L,false,tale
忠于事业,/loyal-to-the-cause,Flea_ZER0,12 Jun 2016 01:41,L,false,tale
幸运的恐龙,/lucky-dinosaur,(account deleted),27 May 2017 06:40,L,false,tale
Lux,/lux,Letitia213,22 Jan 2016 07:35,L,false,tale
热恋,/mad-love,Altale,10 Sep 2017 08:26,M,false,tale
代表作，又名為：為陳詞濫調辯護的斥責,/magnum-opus-or-a-diatribe-in-defence-of-cliche,feitag,27 Sep 2018 05:42,M,false,tale
让波特兰更古怪,/make-portland-weirder,qjfoidnh,05 May 2018 16:08,M,false,tale
一个由Mann制定的计划，或者说是丢失了狗的某个夏日,/mann-with-the-plann-or-the-dog-gone-days-of-summer,The Fulcrum,01 Oct 2017 01:38,M,false,tale
火蚁的进军,/march-of-the-fire-ants,Airalin_Knowledge,30 Mar 2017 16:12,M,false,tale
幼儿园老师,/maria-jones-this-is-your-life,Letitia213,23 Jan 2016 06:27,M,false,tale
玛丽苏不苏,/marysuewho,Holy_Darklight,20 Nov 2017 12:24,M,false,tale
MC&D特工指南,/mc-d-agent-orientation,(account deleted),21 Mar 2017 05:55,M,false,tale
医疗教学班,/medical-seminar,(account deleted),17 May 2017 06:29,M,false,tale
遇见Anderson,/meeting-anderson,qjfoidnh,18 Feb 2018 13:36,M,false,tale
咖啡馆的会面,/meeting-over-coffee,qjfoidnh,19 Mar 2018 18:06,M,false,tale
纪念,/mementos,Freedom Koo,03 Feb 2017 13:17,M,false,tale
模因与信息危害部指南,/memetics-and-infohazards-division-orientation,MScarlet,23 Jul 2015 06:17,M,false,tale
备忘录，1944年11月6日,/memorandum-dated-6-november-1944,(account deleted),12 Apr 2017 01:07,M,false,tale
记忆,/memories,M Element,03 Oct 2017 16:58,M,false,tale
超小说,/metafiction,Letitia213,19 Jan 2016 06:42,M,false,tale
流星,/meteor,Freedom Koo,26 Mar 2017 05:37,M,false,tale
鼠患,/mice,Freedom Koo,26 Mar 2017 05:57,M,false,tale
午夜游行,/midnight-parade,qjfoidnh,29 Jul 2018 11:48,M,false,tale
铸铁与陶土,/mint-and-clay,Airalin_Knowledge,20 Feb 2017 13:07,M,false,tale
误称,/misnomer,(account deleted),24 Feb 2017 03:30,M,false,tale
繼承人小姐,/miss-heir,Letitia213,04 Feb 2016 09:07,M,false,tale
使命宣言,/mission-statement,Freedom Koo,29 Mar 2017 19:05,M,false,tale
怪物,/monsters,Cynthia7979,14 May 2018 11:23,M,false,tale
探月者,/moonrakers,Agent Phage,15 Apr 2018 05:58,M,false,tale
母爱,/mothers-love,Dr White Cat,28 Feb 2018 09:04,M,false,tale
2. 叮噹先生,/mr-clank,Letitia213,23 Jan 2016 08:16,M,false,tale
16. 魚先生,/mr-fish,Letitia213,23 Jan 2016 09:01,M,false,tale
12. 歡樂先生,/mr-laugh,Letitia213,23 Jan 2016 08:47,M,false,tale
Parker先生,/mr-parker,(account deleted),21 Jul 2017 12:53,M,false,tale
Multi-U 101/多元宇宙事务部指南,/multi-u-101,(account deleted),17 May 2017 06:18,M,false,tale
迷离谋杀案,/murder-mystery,(account deleted),23 Jul 2017 09:35,M,false,tale
愚人博物館,/museum-of-idiots,Letitia213,30 Jan 2016 10:11,M,false,tale
亲亲我的巨蜴宝宝,/my-beloved-gecko,Frequema,05 Jul 2017 01:26,M,false,tale
我的猿哥哥,/my-brother-the-ape,Sraosha,27 Sep 2018 14:58,M,false,tale
自身之地狱,/my-hell,M Element,16 Oct 2017 03:07,M,false,tale
我的忄青人，狗：Kain Pathos Crow不可思议的真实故事,/my-loever-the-dog,Airalin_Knowledge,07 Mar 2017 13:57,M,false,tale
玉米片引发的血案,/nacho-business,(account deleted),05 Aug 2017 14:13,N,false,tale
名字 军衔 序列号,/name-rank-serial-number,SadManiac,02 Sep 2018 09:57,N,false,tale
午觉时间,/naptime,Nastyarrow,03 Mar 2018 12:24,N,false,tale
涅普顿站,/neptune-station,(account deleted),05 Apr 2017 03:51,N,false,tale
我讨厌的不存在之元虚构角色,/never-metafictional-character-i-liked,Waterlooper,28 Jul 2018 11:10,N,false,tale
最新工作,/new-job,Rye Travis,09 Sep 2018 07:16,N,false,tale
新把戏（又名：青年文化杀了我的狗）,/new-tricks,Letitia213,23 Jan 2016 06:58,N,false,tale
新年（第一话）,/new-year-s-part-1,Letitia213,24 Jan 2016 05:30,N,false,tale
新年（第二话）,/new-year-s-part-2,Letitia213,24 Jan 2016 05:42,N,false,tale
NJE-4097,/nje-4097,W Asriel,18 Jul 2018 13:04,N,false,tale
是的,/no,Chricton,05 Feb 2018 09:44,N,false,tale
无人死亡,/nobody-dies,Chricton,05 Oct 2017 14:01,N,false,tale
Nobody Knows,/nobody-knows,Letitia213,22 Jan 2016 07:03,N,false,tale
工作时间禁止约会,/no-dating-at-work,CursedL,26 May 2018 18:36,N,false,tale
善事难行,/no-good-deed,qjfoidnh,11 Mar 2018 02:47,N,false,tale
不论你化身何物,/no-matter-what-mask-you-wear,Idokoe,22 Mar 2018 23:04,N,false,tale
別再,/no-more,M Element,16 Oct 2017 03:23,N,false,tale
何谓完美,/nonpareil,Ravenfield,25 Nov 2016 11:16,N,false,tale
非易失性记忆,/non-volatile-memory,Idokoe,24 Mar 2018 22:58,N,false,tale
再也没有人能保护我们,/no-one-else-will-protect-us,Dai Zhen,21 Jun 2018 11:47,N,false,tale
Site 11，K号会议室，1982年7月12日上午8:58,/nope-not-typing-all-that,qjfoidnh,04 Apr 2018 06:04,N,false,tale
黑夜终将过去,/nor-gloom-of-night-shall-stay,Holy_Darklight,24 Feb 2017 06:31,N,false,tale
也不讓我的劍停歇,/nor-shall-my-sword-sleep,M Element,12 Oct 2017 17:47,N,false,tale
无处安泊,/no-safe-haven,Hannah_AI,30 Dec 2017 13:06,N,false,tale
一说就破,/no-sooner-spoken-than-broken,Ravenfield,16 Dec 2016 12:23,N,false,tale
这里没什么好看的,/nothingtoseehere,Rain-Aria,09 Jul 2018 08:08,N,false,tale
不仅是只穿着白大褂的猫,/not-just-a-cat-in-a-labcoat,Moyo,24 Feb 2017 15:45,N,false,tale
终末：不要去油炸天使的天堂,/notsurethisisworking,Rain-Aria,21 Jun 2018 15:30,N,false,tale
新奇品种,/novel-cultivars,Letitia213,26 Jan 2016 08:50,N,false,tale
视频扼杀电波巨星,/now-i-understand-the-problems-you-can-see,ahshow,15 Jul 2018 14:13,N,false,tale
现在，播报天删除,/now-the-we-expunged,Alty_FMN,10 Sep 2018 08:13,N,false,tale
好好看着，计划是这样……,/now-watch-and-learn-heres-the-deal,(account deleted),17 Jun 2017 09:36,N,false,tale
空終止字串,/null-terminating-string,MScarlet,19 Apr 2015 17:15,N,false,tale
头号神枪手,/number-one-with-a-bullet,Letitia213,23 Jan 2016 07:39,N,false,tale
古怪之遇,/occurrence-of-oddness,MScarlet,10 Jul 2015 02:41,O,false,tale
2012年10月15日,/october-15th-2012,Kcorena,30 Jun 2018 09:11,O,false,tale
CotBG档案██/██/20██-███：龙与蛇,/of-dragons-and-serpents,qjfoidnh,09 Apr 2018 14:46,O,false,tale
毯子与假面,/of-mats-and-masquerades,W Asriel,17 Oct 2017 13:58,O,false,tale
导师与的士,/of-teachers-and-taxicabs,W Asriel,31 Dec 2017 10:51,O,false,tale
7. ███████████先生,/ohhello,Letitia213,23 Jan 2016 08:34,O,false,tale
黑暗中的援手,/ohnoihavetocomeupwithatitleiambadatthiswhatdoieven,M Element,09 May 2017 14:55,O,false,tale
旧堪萨斯区第一章：农舍,/old-kansas-sector,Greenson,25 Nov 2016 02:12,O,false,tale
旧堪萨斯区第十章：信封物流®,/old-kansas-sector-part-10,Airalin_Knowledge,26 Feb 2017 15:02,O,false,tale
旧堪萨斯区第十一章：幕间休息,/old-kansas-sector-part-11,(account deleted),03 Apr 2017 03:53,O,false,tale
旧堪萨斯区第十二章：欢笑就好,/old-kansas-sector-part-12,(account deleted),03 Apr 2017 08:25,O,false,tale
旧堪萨斯区第二章：小报,/old-kansas-sector-part-2,Greenson,25 Nov 2016 02:27,O,false,tale
旧堪萨斯区第三章：行走之枝,/old-kansas-sector-part-3,Greenson,25 Nov 2016 02:38,O,false,tale
旧堪萨斯区第四章：只有Grammie知道的世界,/old-kansas-sector-part-4,Greenson,25 Nov 2016 02:56,O,false,tale
旧堪萨斯区第五章：暗黑的中石化,/old-kansas-sector-part-5,Ravenfield,15 Jan 2017 06:53,O,false,tale
旧堪萨斯区第六章：SCP基金会,/old-kansas-sector-part-6,Ravenfield,15 Jan 2017 07:02,O,false,tale
旧堪萨斯区第七章：楼梯间,/old-kansas-sector-part-7,Ravenfield,15 Jan 2017 07:26,O,false,tale
旧堪萨斯区第八章：Gersha,/old-kansas-sector-part-8,Ravenfield,15 Jan 2017 07:38,O,false,tale
旧堪萨斯区第九章：报应,/old-kansas-sector-part-9,Airalin_Knowledge,26 Feb 2017 14:07,O,false,tale
暮与晨曦,/oldmenyoungmen,M Element,16 Oct 2017 03:03,O,false,tale
暮与晨曦,/old-men-young-men,Airalin_Knowledge,04 Mar 2017 12:04,O,false,tale
梦断奥林匹亚,/olympia,Letitia213,23 Jan 2016 04:23,O,false,tale
奧林匹亞整合實驗ALPHA,/olympia-integration-experiment-alpha,Letitia213,22 Jan 2016 09:01,O,false,tale
奧林匹亞整合實驗BETA,/olympia-integration-experiment-beta,Letitia213,22 Jan 2016 09:06,O,false,tale
奧林匹亞整合實驗GAMMA,/olympia-integration-experiment-gamma,Letitia213,22 Jan 2016 09:45,O,false,tale
奧林匹亞整合實驗OMEGA,/olympia-integration-experiment-omega,Letitia213,22 Jan 2016 09:50,O,false,tale
ΩK,/omega-k,MadeInHeaven,21 Jun 2018 11:10,O,false,tale
一个糟糕的母亲,/one-bad-mother,Ravenfield,16 Dec 2016 12:12,O,false,tale
最后一拳,/one-last-punch-for-the-road,Letitia213,23 Jan 2016 10:36,O,false,tale
.::仅于{{梦}}境Ｚ中--,/only-in-dreams,M Element,09 Oct 2017 03:36,O,false,tale
站在家门前,/on-the-home-front,Airalin_Knowledge,13 Jul 2017 17:13,O,false,tale
O5密使,/on-the-o5-s-secret-service,MScarlet,27 Feb 2014 08:43,O,false,tale
第三天,/on-the-third-day,Sraosha,13 Sep 2018 11:38,O,false,tale
开局走子,/opening-moves,Archibald1,08 Apr 2017 09:50,O,false,tale
加拉哈德行动,/operation-galahad,koreto,01 Nov 2017 02:04,O,false,tale
LLEWYN DARK行动,/operation-llewyn-dark,(account deleted),06 Jul 2017 09:53,O,false,tale
指南,/orientation,Letitia213,22 Jan 2016 07:08,O,false,tale
起源,/origination,Letitia213,24 Jan 2016 02:50,O,false,tale
Clef的起源,/originofclef,M Element,20 Nov 2017 12:12,O,false,tale
彩虹之上（想多了）,/over-thinking-the-rainbow,EarthEaterRebeca,28 Jun 2018 05:04,O,false,tale
机动特遣队Psi-7“家居装饰”概述,/overview-of-mtf-psi-7-home-improvement,(account deleted),24 Mar 2017 09:50,O,false,tale
文员,/paper-pusher,qjfoidnh,05 Mar 2018 13:57,P,false,tale
父母心,/parenthood,M Element,23 Oct 2017 05:13,P,false,tale
断章,/parting,Sraosha,23 Sep 2018 18:10,P,false,tale
不是参赛作品，就是篇关于诸神的搞笑文,/party-of-gods,qjfoidnh,28 Jul 2018 17:09,P,false,tale
赞助,/patronage,M Element,28 Oct 2017 06:08,P,false,tale
兵至E4,/pawn-to-e4,GPXx,27 Sep 2018 18:24,P,false,tale
发薪日,/payday,Rain-Aria,11 Jul 2018 06:51,P,false,tale
花生,/peanuts,(account deleted),19 May 2017 06:02,P,false,tale
剥皮,/peeled,Freedom Koo,26 Mar 2017 05:40,P,false,tale
Gears博士的个人日志,/personal-log-of-dr-gears,(account deleted),05 May 2017 06:05,P,false,tale
█████ “Iceberg” ████的个人日志,/personal-log-of-iceberg,ChristineXI,26 Aug 2018 13:48,P,false,tale
石化,/petrified,Sraosha,28 Sep 2018 06:19,P,false,tale
拔,/picking,M Element,28 Oct 2017 18:53,P,false,tale
穿过夜谷,/piercing-the-night-vale,Alty_FMN,09 Sep 2018 15:10,P,false,tale
Pila,/pila,Letitia213,22 Jan 2016 07:38,P,false,tale
请不要跌倒,/placere-non-trinus,LeoOverheat,19 Mar 2018 02:17,P,false,tale
玩弄,/play,M Element,07 Nov 2017 05:57,P,false,tale
扮演上帝,/playing-god,MScarlet,06 Jul 2014 15:33,P,false,tale
玩火,/playing-with-flames,M Element,30 Jan 2018 22:21,P,false,tale
屎棍麦吉和飞翔的海象,/poopstick-mcgee-and-the-flying-walruses,M Element,30 Jan 2018 20:32,P,false,tale
父像映画,/portraits-of-your-father,Koorilock,02 Aug 2018 02:13,P,false,tale
剂量学,/posology,MScarlet,12 Jul 2015 16:47,P,false,tale
终结几种,/post-finem,M Element,12 Mar 2018 01:59,P,false,tale
终点：前奏,/postlude-nobody,LeoOverheat,10 Jan 2018 00:30,P,false,tale
比赛日部分1：准备工作,/preliminaries,Alty_FMN,03 Sep 2018 13:16,P,false,tale
前奏：终点,/prelude-nobody,LeoOverheat,14 Dec 2017 21:44,P,false,tale
准备,/preparation,Hannah_AI,07 Dec 2017 01:11,P,false,tale
存在,/presence,Ravenfield,16 Dec 2016 11:59,P,false,tale
当务之急,/priorities,Idokoe,22 Mar 2018 14:51,P,false,tale
私人地狱,/private-hell,Minagawa Mamoru,05 Apr 2018 10:15,P,false,tale
生产模式的变更及流程,/production-model-changes-and-procedures,Letitia213,22 Jan 2016 15:06,P,false,tale
产品,/products,qjfoidnh,01 Feb 2018 15:32,P,false,tale
序章：数字之子,/prologue-digital-children,Alty_FMN,25 Jul 2018 14:10,P,false,tale
前言：水聚而降为雨,/prologue-water-coalesces-and-descends-as-rain,Ryin-silverfish,11 Apr 2017 03:34,P,false,tale
财产价值,/property-values,Letitia213,22 Jan 2016 07:02,P,false,tale
机中幽灵,/putting-a-ghost-in-the-machine,Idokoe,30 Apr 2018 21:54,P,false,tale
皮媞亚之翼,/pythia-s-wing,Letitia213,23 Jan 2016 07:24,P,false,tale
后吃兵,/queen-to-pawn,Archibald1,08 Apr 2017 09:34,Q,false,tale
何为未知,/quid-est-non-scitum,Freedom Koo,15 Apr 2017 14:42,Q,false,tale
平静的日子,/quiet-days,Letitia213,31 Dec 2015 09:07,Q,false,tale
安静的对局,/quiet-game,Archibald1,08 Apr 2017 08:50,Q,false,tale
尘土之精华,/quintessence-of-dust,Letitia213,26 Jan 2016 09:25,Q,false,tale
女生派对：捣乱,/raising-hell,Ryan SQuirrel,12 May 2018 05:42,R,false,tale
要死请趁早,/rather-die-young,O_L,13 May 2017 11:48,R,false,tale
重组,/realignment,Idokoe,21 Feb 2018 17:38,R,false,tale
执事回忆录,/recollections-of-a-gentleman-s-gentleman,Letitia213,24 Jan 2016 15:08,R,false,tale
记录的玩意或者管他的,/recording-stuff-or-whatever,(account deleted),07 Mar 2017 08:30,R,false,tale
回收到的数据文件,/recovered-data-file,M Element,08 Oct 2017 02:10,R,false,tale
回收文档4761：CotBG-82（破碎之神教会-82）,/recovered-document-4761-cotbg-82,M Element,12 Oct 2017 17:55,R,false,tale
红色黎明,/reddawn,Letitia213,30 Jan 2016 11:06,R,false,tale
红色的收获,/red-harvest,ahshow,01 Jun 2018 14:56,R,false,tale
再入,/reentry,Freedom Koo,26 Mar 2017 05:26,R,false,tale
关于决堤,/regarding-broken-levees,Rain-Aria,31 Jul 2018 14:03,R,false,tale
变爱,/relationskips,Letitia213,22 Jan 2016 07:06,R,false,tale
叛徒，对立，颠倒,/renegade-retrograde,Freedom Koo,18 Mar 2017 09:44,R,false,tale
转售价值,/resale-value,M Element,29 Jul 2017 13:17,R,false,tale
RJ Tellar的调查笔记,/research-notes-of-rj-tellar,Letitia213,23 Jan 2016 15:02,R,false,tale
储藏项目们,/reservoir-skips,M Element,08 Oct 2017 00:19,R,false,tale
退休生活,/retirement-policy,(account deleted),01 Aug 2017 12:04,R,false,tale
追忆：第二乐章,/reunion,Letitia213,23 Jan 2016 04:40,R,false,tale
归来者,/revenants,Letitia213,29 Jan 2016 08:10,R,false,tale
逆向工程,/reversed-engineering,M Element,30 Oct 2017 01:20,R,false,tale
改进的条目,/revised-entry,Letitia213,15 Jan 2016 09:07,R,false,tale
对吧？,/right,Freedom Koo,24 Mar 2018 08:26,R,false,tale
Rights的生日派对,/rights-birthday-party,Qliphoth,22 Jul 2018 08:26,R,false,tale
R.I.P.,/rip,Rain-Aria,17 Jun 2018 15:11,R,false,tale
引人注目的头条,/ripped-from-the-headlines,Letitia213,23 Jan 2016 14:58,R,false,tale
涨潮,/rising-tide,Sraosha,23 Sep 2018 15:29,R,false,tale
Rota,/rota,Letitia213,22 Jan 2016 07:41,R,false,tale
粗劣之兽,/rough-beast,M Element,28 Aug 2017 05:04,R,false,tale
每日如此,/routine,Flea_ZER0,27 Jun 2016 12:46,R,false,tale
Glass博士的例行心理评估,/routine-psychological-evaluations-by-dr-glass,(account deleted),05 May 2017 06:58,R,false,tale
逃亡,/running,Airalin_Knowledge,17 Feb 2017 13:33,R,false,tale
神圣的永别,/sacrifice,M Element,28 Oct 2017 06:20,S,false,tale
爱的礼赞,/salut-d-amour,M Element,12 Oct 2017 18:14,S,false,tale
对欲肉教的人类学进路 - 案例研究01：Sarvi的Vaśńa人,/sarkic-case-study-01-the-vas-n-a-of-sarvi,M Element,16 Jan 2018 01:23,S,false,tale
拯救Sigurrós Potter,/saving-sigurros-potter,(account deleted),03 Mar 2017 06:18,S,false,tale
SCP-000,/scp-000,MScarlet,12 Feb 2014 11:25,S,false,tale
SCP-001:O5,/scp-001-o5,MScarlet,02 Jun 2015 07:26,S,false,tale
SCP-048-ARC,/scp-048-arc,(account deleted),22 May 2017 06:32,S,false,tale
SCP-173-D,/scp-173-d,Rye Travis,04 May 2018 14:02,S,false,tale
SCP-1926-R,/scp-1926-r,Minagawa Mamoru,17 Mar 2017 08:51,S,false,tale
SCP-239的法术书,/scp-239-s-spell-book,Ravenfield,16 Dec 2016 11:27,S,false,tale
SCP-4000,/scp-4000,M Element,15 Aug 2018 04:44,S,false,tale
SCP-857-D,/scp-857-d,(account deleted),19 May 2017 07:00,S,false,tale
SCP基金会：电影,/scp-foundation-the-movie,M Element,29 Oct 2017 23:09,S,false,tale
SCP基金会大电影2：机械舞,/scp-foundation-the-movie-2,Alty_FMN,12 Sep 2018 08:25,S,false,tale
SCP+MLP=DNC,/scp-mlp-dnc,Alty_FMN,11 Sep 2018 01:28,S,false,tale
SCP-百万,/scp-one-million,Letitia213,23 Jan 2016 12:13,S,false,tale
SCP-REDD,/scp-redd,LonelySputnik,24 Dec 2017 15:12,S,false,tale
SCP-S,/scp-s,M Element,30 Oct 2017 02:37,S,false,tale
SCP-SCP-033,/scp-scp-033,Ze_Gui,10 May 2017 01:07,S,false,tale
没收文件941-B,/scptabloid,Rain-Aria,21 Jun 2018 12:47,S,false,tale
SCP动画第四部（Gears/Iceberg， Clef/Kondraki， Rights/Light， Kain， 猴子！Bright）,/scp-the-anime-part-4-gears-iceberg-clef-kondraki-rights-ligh,GPXx,22 Sep 2018 07:01,S,false,tale
圣经,/scripture,M Element,11 Oct 2017 03:37,S,false,tale
脖颈，爪子，肉垫,/scruff-claws-paws,Alty_FMN,25 Sep 2018 11:12,S,false,tale
晕船的鲨鱼,/seasick-sharks,Letitia213,23 Jan 2016 10:41,S,false,tale
二度交锋,/second-watch,Stone Frank,19 Sep 2018 11:19,S,false,tale
宗座从缺,/sede-vacante,varitas096,13 May 2018 12:08,S,false,tale
衰老，消耗，迫害,/senescence-consumption-persecution,Ravenfield,17 Dec 2016 09:38,S,false,tale
高级职员恶作剧,/seniorstaffshenanigans,Alty_FMN,22 Sep 2018 18:26,S,false,tale
定位,/settling-tabs,Ravenfield,16 Dec 2016 12:55,S,false,tale
几种创意宣传,/several-clever-promotions,Rye Travis,05 May 2018 02:42,S,false,tale
性，成功，以及針對性營銷,/sex-success-and-targeted-advertising,MScarlet,09 Oct 2014 16:03,S,false,tale
军士Pepper,/sgt-pepper,M Element,12 Oct 2017 18:02,S,false,tale
阴影紧随,/shadow-in-the-wake,Sraosha,15 Sep 2018 06:13,S,false,tale
疑云重重的会议,/shady-meetings,Letitia213,26 Jan 2016 08:58,S,false,tale
鲨鱼鬼话,/shark-tale,M Element,16 Oct 2017 03:27,S,false,tale
弹震症,/shell-shock,Rain-Aria,30 Jul 2018 13:23,S,false,tale
牧人驱犊,/shepherds,Stone Frank,12 Sep 2018 08:53,S,false,tale
她在等待,/she-waits,Hannah_AI,30 Oct 2017 03:53,S,false,tale
对任何类似一套公平应用的有组织规则事物的可怕无知,/shocking-ignorance-regarding-anything-resembling-a-structure,Rakish_Rambler,20 Jul 2018 05:36,S,false,tale
真该留在迪拜,/shoulda-stayed-in-dubai,(account deleted),09 May 2017 14:05,S,false,tale
羞怯,/shy,Altale,19 Jul 2018 17:19,S,false,tale
素描画稿,/simple-sketches,Idokoe,13 Nov 2017 12:38,S,false,tale
六天,/six-days,(account deleted),13 Jul 2017 09:58,S,false,tale
寄給 SCP 基金會的六封信（以及一封回信）,/six-letters-addressed,Letitia213,23 Jan 2016 13:08,S,false,tale
六只小老鼠,/six-little-mice,M Element,20 Oct 2017 22:45,S,false,tale
Skip大灌篮第一部分,/skip-jam-part-one,Rain-Aria,19 Jul 2018 08:57,S,false,tale
流走的时间,/skipping-time,M Element,07 Nov 2017 05:49,S,false,tale
Skippy,/skippy,(account deleted),05 Aug 2017 13:36,S,false,tale
深蓝之雷简介（混沌分裂者简报）,/slate-thunder,Archibald1,11 Jun 2016 03:45,S,false,tale
生活碎隙,/slice-of-life,Rain-Aria,28 Aug 2018 00:30,S,false,tale
梦乡,/slumbering,Flea_ZER0,15 Jun 2016 05:44,S,false,tale
烟雾鸟,/smoker,M Element,28 Oct 2017 06:41,S,false,tale
蛇与阶梯,/snakes-and-ladders,Letitia213,23 Jan 2016 05:46,S,false,tale
本是同根生,/snipped-from-the-same-cloth,Chricton,10 Aug 2018 06:53,S,false,tale
蛇之细语,/snippetsfromtheserpent,M Element,21 Mar 2018 17:08,S,false,tale
咔嚓咔嚓剪,/snip-snip-snip,Letitia213,26 Jan 2016 07:09,S,false,tale
依偎，摟抱和保護：The Mean Dragon,/snuggle-cuddle-and-protect-the-mean-dragon,M Element,09 Oct 2017 22:16,S,false,tale
独白,/soliloquy,Alty_FMN,05 Aug 2018 14:11,S,false,tale
有时那并不搞笑,/sometimes-it-s-not-funny,Rakish_Rambler,29 Aug 2018 04:45,S,false,tale
如是人们称其Darke,/so-they-called-him-darke,qjfoidnh,30 Aug 2018 15:46,S,false,tale
创造的火花,/spark-of-creation,Rye Travis,05 Apr 2018 04:42,S,false,tale
奇迹的火花,/spark-of-wonder,Rye Travis,17 Mar 2018 13:26,S,false,tale
创意的火花,/sparks-of-creativity,Flea_ZER0,12 Mar 2017 05:00,S,false,tale
特别的资产,/special-assets,M Element,08 Oct 2017 00:04,S,false,tale
碎片,/splinters,Archibald1,21 Dec 2016 09:11,S,false,tale
注视,/stare,M Element,07 Nov 2017 05:10,S,false,tale
盗取团结号：阶段1,/stealingsolidarityphase1,Hensec Stutter,12 Jul 2018 07:39,S,false,tale
盗取团结号：阶段2,/stealingsolidarityphase2,Hensec Stutter,18 Jul 2018 16:27,S,false,tale
卿发芬芳,/stop,M Element,11 Oct 2017 03:09,S,false,tale
停止进入循环,/stop-going-in-circles,Hannah_AI,17 Jun 2018 22:38,S,false,tale
故事稍后再命名,/story-to-be-named-later,Rain-Aria,21 Jun 2018 14:16,S,false,tale
海上发生的怪事,/strange-things-happen-at-sea,Sraosha,16 Sep 2018 07:25,S,false,tale
应对方案,/stratagem,M Element,30 Oct 2017 04:56,S,false,tale
纠结过去,/stuck-in-the-past,Rye Travis,19 Jul 2018 08:42,S,false,tale
惊奇收容措施,/stupendous-containment-procedures,M Element,08 Oct 2017 03:12,S,false,tale
周日礼拜,/sunday-service,Hannah_AI,19 Jun 2018 06:47,S,false,tale
超加密,/superencipherment,MScarlet,17 Apr 2015 17:20,S,false,tale
补充报告239-B-192,/supplemental-report-239-b-192,(account deleted),21 Jul 2017 12:46,S,false,tale
惊喜！生日快乐！,/surprise-happy-birthday,(account deleted),22 Jul 2017 14:25,S,false,tale
惊喜！生日快乐！再来！,/surprise-happy-birthday-2,(account deleted),22 Jul 2017 08:23,S,false,tale
惊喜，生日快乐！我回来了……,/surprise-happy-birthday-4,Archibald1,19 Sep 2018 12:47,S,false,tale
惊喜！生日快乐！现在，来看看这儿……,/surprise-happy-birthday-5,(account deleted),21 Jul 2017 13:48,S,false,tale
游泳者,/swimmer,Freedom Koo,26 Mar 2017 05:27,S,false,tale
对一次移情的怜悯,/sympathy-for-an-empath,Airalin_Knowledge,18 Jan 2017 07:31,S,false,tale
一个全球超自然联盟档案袋中的项目,/taken-from-a-global-occult-coalition-casefile,(account deleted),30 Jul 2017 13:09,T,false,tale
垃圾处理,/taking-out-the-trash,(account deleted),22 May 2017 06:51,T,false,tale
评估,/taking-stock,M Element,09 Oct 2017 03:45,T,false,tale
13的故事,/taleof13,Rain-Aria,17 Jun 2018 17:20,T,false,tale
來自Bright的故事-第1.5章,/tales-from-the-bright-side-chapter-1-5,M Element,28 Mar 2017 08:30,T,false,tale
來自Bright的故事-第一章,/tales-from-the-bright-side-chapter-one,M Element,28 Mar 2017 08:19,T,false,tale
射击训练,/target-practice,(account deleted),22 May 2017 05:50,T,false,tale
拆卸,/tearing-down,qjfoidnh,15 Feb 2018 16:55,T,false,tale
技术指南,/technical-orientation,(account deleted),20 Mar 2017 06:43,T,false,tale
牙，亲爱的,/teeth-dearie,Airalin_Knowledge,17 Feb 2017 14:08,T,false,tale
处决命令,/termination-order,(account deleted),19 May 2017 03:31,T,false,tale
瓶中短信,/text-message-in-a-bottle,Hannah_AI,19 Jun 2018 07:37,T,false,tale
一封吊唁信的文本内容 - 联邦调查局，特异事故处,/text-of-a-condolence-letter-federal-bureau-of-investigation,The_Reaper_Kindred,28 Nov 2017 09:15,T,false,tale
感谢您抽出时间,/thank-you-for-your-time,Ravenfield,14 Dec 2016 11:25,T,false,tale
那个该死的东西,/that-goddamn-thing,MScarlet,21 Feb 2014 14:31,T,false,tale
拟态孩童,/the-analog-kid,qjfoidnh,23 Feb 2018 06:43,T,false,tale
阿巴拉契亚之疤,/the-appalachian-scar,Ryin-silverfish,14 Apr 2017 02:12,T,false,tale
暗杀被围攻常态的胆小鬼反大麻玩家,/the-assassination-of-beleaguered-normalcy-by-the-coward-game,Rakish_Rambler,16 Jul 2018 06:36,T,false,tale
……他是我见过的最优秀，也是最明智的人。,/the-best-and-the-wisest,Frequema,09 Jul 2017 08:55,T,false,tale
完美计划,/the-best-laid-plans,Idokoe,04 Apr 2018 03:17,T,false,tale
黑鸟与猎鹰,/the-blackbird-and-the-falcon,Idokoe,22 Mar 2018 00:27,T,false,tale
黑马：蠕动之海,/the-black-horse,JustinTrenchcoat,16 Mar 2018 15:41,T,false,tale
圣书,/thebook,Letitia213,23 Jan 2016 12:15,T,false,tale
那勇敢的小–,/the-brave-little,Alty_FMN,07 Jul 2018 18:24,T,false,tale
破碎之五,/the-broken-fifth,Ryin-silverfish,07 Apr 2017 22:23,T,false,tale
福尔摩斯探案之消失的手,/the-case-of-the-missing-hand,ahshow,30 Apr 2018 13:40,T,false,tale
钟必再响,/the-clock-shall-strike-again,Flea_ZER0,04 Jun 2016 07:36,T,false,tale
8岁的James的绝对官方故事,/the-completely-canonical-story-of-james,M Element,20 Oct 2017 22:13,T,false,tale
Cool小子們,/the-cool-kids,Letitia213,26 Jan 2016 15:21,T,false,tale
懦夫,/the-coward,MScarlet,02 Jul 2015 07:55,T,false,tale
批评家,/the-critic,Hannah_AI,01 Dec 2017 05:30,T,false,tale
大龙之日,/the-day-of-the-dragon,Flea_ZER0,26 May 2016 12:58,T,false,tale
Alto Clef之死，又称Ukulele特工，又称亚当·本·耶和华，又称路西法，谎言之父，又称混蛋，等等。,/the-death-of-alto-clef-etc,Airalin_Knowledge,04 Mar 2017 11:36,T,false,tale
诱饵,/the-decoy,Airalin_Knowledge,04 Mar 2017 12:10,T,false,tale
困境,/the-deep-end,Iris_60819,18 Jul 2018 08:32,T,false,tale
设计师,/the-designer,Sraosha,13 Sep 2018 12:45,T,false,tale
博士勿入,/the-doc-block,M Element,28 Oct 2017 07:14,T,false,tale
历史之终结,/the-end-of-history,(account deleted),24 Feb 2017 05:56,T,false,tale
Bright博士之死,/the-executions-of-doctor-bright,Letitia213,23 Jan 2016 15:46,T,false,tale
神之面庞,/the-face-of-god,Ryin-silverfish,12 Apr 2017 00:54,T,false,tale
伊始，终结,/the-first-the-last,Airalin_Knowledge,11 Jul 2017 18:13,T,false,tale
血肉之侣,/the-flesh-that-mates,Rain-Aria,06 Aug 2018 14:35,T,false,tale
捕蝇草,/the-flytrap,Freedom Koo,26 Mar 2017 08:40,T,false,tale
伦理委员会怪谈志：基金会食婴,/the-foundation-eats-babies,Blue Buendia,10 Dec 2017 01:03,T,false,tale
星期五展览会,/the-friday-exhibition,Chricton,05 Sep 2017 13:50,T,false,tale
绿王子,/the-green-prince,(account deleted),05 Jul 2017 06:11,T,false,tale
幸福结局,/the-happy-ending,M Element,13 Mar 2018 04:49,T,false,tale
Hatbot事件,/the-hatbot-chronicles,Ryan SQuirrel,05 Aug 2017 17:59,T,false,tale
魔军群王,/the-high-court-with-the-magic-army,Arthur1ere,20 Jun 2018 05:25,T,false,tale
等式的人类部分,/the-human-part-of-the-equation,(account deleted),03 Mar 2017 07:22,T,false,tale
术士和机神信徒,/the-karcist-and-the-mekhanite,Ryin-silverfish,20 Mar 2017 01:02,T,false,tale
Keter之王,/the-keterlord,M Element,20 Oct 2017 22:20,T,false,tale
孩子们不太好,/the-kids-aren-t-all-right,W Asriel,04 Jul 2018 14:56,T,false,tale
王之死,/the-king-is-dead,Ravenfield,14 Dec 2016 11:19,T,false,tale
最后最大的希望,/the-last-best-hope,Letitia213,23 Jan 2016 10:49,T,false,tale
遗言,/the-last-word,M Element,16 Oct 2017 03:18,T,false,tale
两害相权取其轻,/the-lesser-of-two-evils,Airalin_Knowledge,04 Mar 2017 11:58,T,false,tale
奇迹清单,/the-list-of-wonders,Letitia213,23 Jan 2016 12:09,T,false,tale
徬徨無助的小██████,/the-little-lost-dragon,Airalin_Knowledge,04 Mar 2017 12:28,T,false,tale
漫长的告别,/the-long-goodbye,ahshow,01 Jun 2018 14:55,T,false,tale
大审判官,/the-lord-judge,LeoOverheat,10 Apr 2018 01:08,T,false,tale
造主与兽,/the-maker-and-the-beast,qjfoidnh,30 Jul 2018 12:49,T,false,tale
入口处的男人,/the-man-at-the-threshold,Spadelee,22 Sep 2018 06:12,T,false,tale
售出了世界的男人,/the-man-who-sold-the-world,O_L,26 Mar 2017 05:59,T,false,tale
小小兵©在scp的一天,/the-minions-day-at-the-scp,tickletickle,19 Jan 2017 06:56,T,false,tale
最危险的游戏,/the-most-dangerous-game,(account deleted),30 Mar 2017 04:11,T,false,tale
最可怕的游戏,/the-most-dangerous-game-of-all,(account deleted),28 Mar 2017 06:29,T,false,tale
O5指南,/the-o5-orientation,(account deleted),21 Mar 2017 06:32,T,false,tale
神创纪,/theogenesis,IDKlisly,18 Jan 2018 15:17,T,false,tale
旧日沉冰,/the-old-ice,Freedom Koo,25 Mar 2017 08:56,T,false,tale
唯一的出路,/the-only-way-to-travel,M Element,09 Nov 2017 20:17,T,false,tale
起源,/the-original,Airalin_Knowledge,12 Jul 2017 17:25,T,false,tale
灰马：顽劣孩童,/the-pale-horse,JustinTrenchcoat,17 Mar 2018 18:15,T,false,tale
美丽的代价,/the-price-of-beauty,Sraosha,28 Sep 2018 06:52,T,false,tale
布偶,/the-ragdoll,VanessaMeowUniverse,11 Feb 2018 09:04,T,false,tale
雨入商户,/the-rain-spills-to-a-torrent-can-you-hear-it,Ryin-silverfish,12 Apr 2017 00:59,T,false,tale
真实之兽,/the-real-monsters,Airalin_Knowledge,18 Jan 2017 08:02,T,false,tale
提线已无法操控我,/there-are-no-strings-on-me,qjfoidnh,23 Sep 2018 03:48,T,false,tale
尤利西斯没有以警告开始的原因：这样有口活,/the-reason-ulysses-doesn-t-start-with-warning-it-s-got-a-blo,Rakish_Rambler,22 Jul 2018 08:42,T,false,tale
红马：讽刺象征,/the-red-horse,JustinTrenchcoat,14 Mar 2018 02:21,T,false,tale
基金会应用,/theres-an-app-for-that,M Element,23 Oct 2017 04:56,T,false,tale
一切知识之源,/the-root-of-knowledge,Airalin_Knowledge,20 Feb 2017 15:32,T,false,tale
奔跑者,/the-runner,Sraosha,20 Sep 2018 11:39,T,false,tale
撒玛利亚人,/the-samaritan,Sraosha,16 Sep 2018 06:22,T,false,tale
海蛞蝓和马戏团主,/the-sea-slug-and-the-showman,ahshow,30 Apr 2018 11:29,T,false,tale
源,/the-seed-of-an-idea,Letitia213,23 Jan 2016 05:58,T,false,tale
一个自我代入式角色,/theselfinsert,Letitia213,20 Jan 2016 11:17,T,false,tale
蛇之诡计,/the-serpent-gambit,Ravenfield,25 Nov 2016 10:20,T,false,tale
群星不待,/the-stars-do-not-wait-for-you,Flea_ZER0,30 May 2016 12:58,T,false,tale
夏之王,/the-summer-king,M Element,14 Nov 2017 03:23,T,false,tale
浪滩节拍,/the-surfside-beat,Ryin-silverfish,11 Apr 2017 03:46,T,false,tale
裁缝,/the-tailor,Rain-Aria,30 Aug 2018 13:30,T,false,tale
图书馆纪事,/the-tale-of-the-library,Sraosha,16 Sep 2018 16:22,T,false,tale
圣殿骑士事件,/the-templar-incident,Stone Frank,16 Aug 2018 09:37,T,false,tale
在基金会不允许Bright博士做的事情,/the-things-dr-bright-is-not-allowed-to-do-at-the-foundation,(account deleted),22 Feb 2017 10:43,T,false,tale
憎恨之物,/the-thing-that-hates,M Element,23 Oct 2017 05:02,T,false,tale
改变命运的三发子弹,/the-three-bullets-of-destiny,Hairyellow Duck,31 Dec 2017 08:09,T,false,tale
滴答的福音,/the-tick-tock-gospel,M Element,09 Nov 2017 20:35,T,false,tale
玩具商与博士,/the-toyman-and-the-doctor,Letitia213,26 Jan 2016 06:07,T,false,tale
忘却的困扰,/the-trouble-with-amnestics,Rain-Aria,17 Jul 2018 10:19,T,false,tale
真相就在那里,/the-truth-is-out-there,Letitia213,23 Jan 2016 15:37,T,false,tale
冲动是魔鬼,/the-urge-that-betrays,Freedom Koo,06 May 2018 08:17,T,false,tale
Vincent Anderson的消失,/the-vanishing-of-vincent-anderson,ziper,24 Mar 2018 03:25,T,false,tale
地下室,/the-vault,Freedom Koo,26 Mar 2017 05:32,T,false,tale
屠龙勇士,/the-warrior-and-the-dragon,M Element,20 Oct 2017 22:55,T,false,tale
瞭望塔,/the-watchtower,Agent Phage,09 Dec 2017 15:39,T,false,tale
白马：金冠胜者,/the-white-horse,JustinTrenchcoat,12 Mar 2018 22:38,T,false,tale
门边群狼,/the-wolves-at-the-door,Letitia213,23 Jan 2016 07:01,T,false,tale
神之言,/the-word,Letitia213,23 Jan 2016 12:16,T,false,tale
当你遗忘世界时，世界也将遗忘你,/the-world-forgetting-by-the-world-forgot,Astati,24 Sep 2018 04:55,T,false,tale
追忆：第三乐章,/the-year-that-it-was,Letitia213,23 Jan 2016 04:47,T,false,tale
年轻男子,/the-young-man,M Element,11 Jul 2017 16:09,T,false,tale
如果你曾经想过...,/theysayshelooksjustlikeo5-8,Andrew Boom,04 Feb 2018 07:20,T,false,tale
他们将给我们留下一个动荡的地球,/they-will-leave-us-with-a-shaken-earth,(account deleted),24 Feb 2017 05:48,T,false,tale
“抓小偷！”鬼魂尖叫道,/thieves-screamed-the-ghost,Airalin_Knowledge,28 Feb 2017 20:59,T,false,tale
极寒之爱,/this-world-is-as-you-would-have-wanted,Flea_ZER0,04 Jun 2016 08:21,T,false,tale
抛却之物,/those-you-leave-behind,Letitia213,23 Jan 2016 12:36,T,false,tale
纵使我跋涉深谷,/though-i-walk-through-the-valley,Freedom Koo,04 Nov 2017 15:47,T,false,tale
三重败局,/thrice,Flea_ZER0,12 Mar 2017 04:46,T,false,tale
牵绊之结,/ties-that-bind,Idokoe,18 Feb 2018 23:44,T,false,tale
时间和收容措施相对维度,/timeandrelativedimensionsincontainmentprotocols,M Element,08 Oct 2017 01:35,T,false,tale
大威斯康星州里的时间犯罪——一份入门指南,/time-crime-in-greater-wisconsin-a-primer,Tunardine777,20 Jul 2018 08:37,T,false,tale
计时,/timing,Airalin_Knowledge,18 Jan 2017 06:21,T,false,tale
To Be Noir Not To Be,/to-be-noir-not-to-be,qjfoidnh,03 May 2018 12:59,T,false,tale
‘爸爸’你太晚了,/to-my-companion-who-sleeps-eternally-beyond-reach,Letitia213,26 Jan 2016 05:46,T,false,tale
太慢啦,/too-slow,Ryin-silverfish,18 Apr 2017 22:47,T,false,tale
访谈记录 PH-SC-TAN-45-1903,/tooth-and-nail,Hannah_AI,30 Oct 2017 05:58,T,false,tale
触地得分,/touchdown,Qliphoth,04 Aug 2018 07:16,T,false,tale
描摹,/tracing,Airalin_Knowledge,04 Mar 2017 12:42,T,false,tale
传统,/tradition,M Element,20 Oct 2017 22:16,T,false,tale
会议记录，1972年6月2日,/transcript-of-meeting-june-2-1972,EliteEric,14 Apr 2017 13:43,T,false,tale
电话会议记录，1991年8月9日,/transcript-of-telephone-conversation-august-9-1991,EliteEric,14 Apr 2017 13:53,T,false,tale
透明人,/transparent,Airalin_Knowledge,18 Jan 2017 06:50,T,false,tale
万圣节糖果,/treats,Letitia213,20 Jan 2016 06:41,T,false,tale
不给糖就捣蛋,/trick-or-treat,Letitia213,22 Jan 2016 07:10,T,false,tale
故事的弧线会在它们死后去哪儿？,/tryingtofleshoutanidea,Rain-Aria,19 Jun 2018 12:48,T,false,tale
轰-轰-轰-隆-轰-轰-轰-隆-隆-隆,/tum-tum-tum-tum-tum-tum-tum-tum-tum-tum,varitas096,19 Jan 2018 05:50,T,false,tale
UIU指南,/uiu-orientation,Letitia213,28 Jan 2016 14:18,U,false,tale
泰迪伯伯,/uncle-teddy,Letitia213,24 Jan 2016 12:42,U,false,tale
床下怪物,/underbed,MScarlet,08 Oct 2014 18:23,U,false,tale
于海之下,/under-the-sea,Sraosha,15 Sep 2018 08:49,U,false,tale
意料之外的来客与热情地接待,/unexpected-visitors-and-warm-welcomes,SwanKnight,24 Feb 2018 03:07,U,false,tale
未竟的事业,/unfinished-business,(account deleted),04 Mar 2017 14:47,U,false,tale
未竟的事业II,/unfinished-business-ii,(account deleted),05 Mar 2017 06:58,U,false,tale
未竟的事业III,/unfinished-business-iii,Flea_ZER0,20 Jun 2016 11:45,U,false,tale
难忘的你,/unforgettable-that-s-what-you-are,ashausesall,22 Feb 2017 06:19,U,false,tale
这些不科学,/unscience,M Element,07 Nov 2017 05:19,U,false,tale
至死不渝,/until-death,Freedom Koo,19 Sep 2017 15:21,U,false,tale
新建文本文档1.txt,/untitled1-txt,Rain-Aria,29 Aug 2018 15:10,U,false,tale
异常音乐,/unusual-music,M Element,11 Oct 2017 03:51,U,false,tale
熵增,/upswing-of-disorder,Letitia213,24 Jan 2016 05:54,U,false,tale
都市传说,/urban-legends,Letitia213,22 Jan 2016 06:59,U,false,tale
怪异录像,/video-oddity,Letitia213,21 Jan 2016 05:15,V,false,tale
Virr,/virr,Letitia213,22 Jan 2016 07:44,V,false,tale
Visium,/visium,Letitia213,22 Jan 2016 07:48,V,false,tale
序言：毋庸置疑,/voices-unassailable,(account deleted),22 Feb 2017 06:33,V,false,tale
易失性记忆,/volatile-memory,Idokoe,15 Apr 2018 03:05,V,false,tale
华夫约会,/waffle-date,Arthur_Evoluna,27 May 2018 11:46,W,false,tale
苏醒,/waking,Flea_ZER0,15 Jun 2016 05:48,W,false,tale
被放逐者标记,/wanderer-symbols,M Element,30 Oct 2017 01:51,W,false,tale
战争只是孩童的游戏,/war-is-child-s-play,Huskar_CN,29 May 2018 14:20,W,false,tale
Waxx的条目,/waxxentry,M Element,23 Oct 2017 04:30,W,false,tale
激流,/way-out-in-the-water,Ryin-silverfish,11 Apr 2017 03:52,W,false,tale
开端,/wayward-commencement,Alty_FMN,01 Aug 2018 14:14,W,false,tale
结局和尾声,/wayward-denouement,Alty_FMN,28 Jul 2018 07:16,W,false,tale
义务的,/wayward-deontic,Alty_FMN,04 Aug 2018 11:32,W,false,tale
早安，阳光,/wayward-intermission,Alty_FMN,06 Aug 2018 14:22,W,false,tale
谈判,/wayward-negotiation,Alty_FMN,09 Aug 2018 15:09,W,false,tale
剧中人,/wayward-prologue,Alty_FMN,31 Jul 2018 07:51,W,false,tale
驱逐,/wayward-repel,Alty_FMN,08 Aug 2018 14:41,W,false,tale
你们得以行在光明中,/we-die-in-the-dark,Freedom Koo,18 Apr 2018 12:23,W,false,tale
Wednesday - 1,/wednesday-1,M Element,30 Oct 2017 03:59,W,false,tale
Wednesday - 2,/wednesday-2,M Element,30 Oct 2017 04:00,W,false,tale
Wednesday - 3,/wednesday-3,M Element,30 Oct 2017 03:59,W,false,tale
Wednesday - 4,/wednesday-4,M Element,30 Oct 2017 03:59,W,false,tale
Wednesday - 5,/wednesday-5,M Element,30 Oct 2017 04:00,W,false,tale
Wednesday - 6,/wednesday-6,M Element,30 Oct 2017 03:59,W,false,tale
我们干得不错,/we-got-a-good-thing-here,Freedom Koo,03 Feb 2017 13:41,W,false,tale
我们已驳回此说法,/we-have-dismissed-that-claim,M Element,16 Oct 2017 02:36,W,false,tale
Welcome To History,/welcome-to-history,Ryan SQuirrel,03 Jan 2018 16:01,W,false,tale
欢迎来到未来,/welcome-to-the-future,M Element,20 Oct 2017 22:50,W,false,tale
谈谈055,/we-need-to-talk-about-fifty-five,Letitia213,20 Jan 2016 15:49,W,false,tale
今天开始做蜥蜴,/we-re-off-to-be-the-lizard,M Element,28 Mar 2017 08:22,W,false,tale
对不起,/we-re-sorry,M Element,30 Oct 2017 04:47,W,false,tale
我是什么？,/what-am-i,Airalin_Knowledge,06 Jan 2018 15:01,W,false,tale
多么怡人的城镇,/what-a-pleasant-town,SwanKnight,20 Jun 2018 07:22,W,false,tale
在做什～麼？,/whatcha-doing,M Element,12 Mar 2018 02:55,W,false,tale
所成何龙,/what-dragons-we-shall-be,(account deleted),01 Aug 2017 01:58,W,false,tale
爱为何物,/whatislove,Rain-Aria,18 Jun 2018 12:34,W,false,tale
数字时代的普通人物,/what-passes-as-normal-in-the-digital-age,Rakish_Rambler,02 Apr 2018 14:40,W,false,tale
名字有什么关系？,/what-s-in-a-name,Letitia213,23 Jan 2016 06:42,W,false,tale
什麼是真實存在的？,/what-s-real,tickletickle,28 Jan 2017 07:31,W,false,tale
谍鸟所见,/what-the-spybird-saw,LeoOverheat,08 Dec 2017 19:29,W,false,tale
你于黑暗中为何物,/what-you-are-in-the-dark,Rain-Aria,18 Jul 2018 09:20,W,false,tale
英雄迟暮,/when-one-reaches-the-end,Letitia213,25 Jan 2016 11:53,W,false,tale
我一生里，你在何处,/where-have-you-been-all-my-life,M Element,07 Aug 2017 20:25,W,false,tale
它们的去向,/where-they-all-go,M Element,11 Oct 2017 03:43,W,false,tale
他们的藏书在这里,/where-they-kept-their-copies,Ryin-silverfish,15 Apr 2017 05:39,W,false,tale
白骑士,/white-knight,M Element,09 Oct 2017 03:14,W,false,tale
我是谁？,/who-am-i,GPXx,22 Aug 2018 07:11,W,false,tale
一,/whole,(account deleted),03 Mar 2017 02:06,W,false,tale
来自B.Dark的办公桌：,/why-are-you-wasting-time-reading-urls,Minagawa Mamoru,09 May 2017 14:57,W,false,tale
为何改变？,/why-change,Letitia213,31 Jan 2016 10:39,W,false,tale
何故五惧于七？,/why-is-five-afraid-of-seven,Hensec Stutter,08 Jan 2018 14:32,W,false,tale
为什么？在哪里？是什么？,/why-where-what,Airalin_Knowledge,05 Mar 2017 14:52,W,false,tale
翼,/wings,Astati,20 Sep 2018 12:45,W,false,tale
寻觅者,/wonder,Letitia213,23 Jan 2016 12:11,W,false,tale
插曲：特别的信,/wondertainment-special-letter,LeoOverheat,25 Jan 2018 02:49,W,false,tale
工作日志2,/work-journal-2,Archibald1,21 Dec 2016 08:53,W,false,tale
破碎,/worn,M Element,23 Oct 2017 04:42,W,false,tale
哇塞，弄死你自己吧,/wowwee-go-kill-ursefl,Letitia213,26 Jan 2016 06:44,W,false,tale
哇塞，你弄死你自己了,/wowwee-u-kild-ursefl,Chricton,20 Sep 2018 14:15,W,false,tale
XK末日,/xk,M Element,30 Oct 2017 01:42,X,false,tale
黄,/yellow,(account deleted),30 Jul 2017 05:57,Y,false,tale
你可以抛下朋友,/you-can-leave-your-friends-behind,W Asriel,16 May 2018 08:09,Y,false,tale
汤姆少校,/your-circuits-dead-theres-something-wrong,Rain-Aria,24 Jul 2018 02:00,Y,false,tale
你最后一个第一天,/your-last-first-day,ashausesall,22 Feb 2017 07:01,Y,false,tale
回复：你想要好结局？,/you-want-happy-endings,M Element,25 Sep 2017 17:52,Y,false,tale
085成人浪漫,/085-romance-adult,M Element,09 Oct 2017 02:38,0-9,false,tale
1,/1,Greenson,20 Jan 2017 16:08,0-9,false,tale
上午十点半,/10-30-a-m,Letitia213,31 Dec 2015 01:16,0-9,false,tale
10. 任務先生,/10-mr-mission,Letitia213,23 Jan 2016 08:41,0-9,false,tale
11. 羽毛先生,/11-mr-feather,Letitia213,23 Jan 2016 08:45,0-9,false,tale
工厂的十二个故事,/12talesaboutafactory,Letitia213,29 Nov 2015 09:28,0-9,false,tale
13. 紫色先生,/13-mr-purple,Letitia213,23 Jan 2016 08:50,0-9,false,tale
二零零八年十二月十三日至二十三日,/13th-23rd-december-2008,Letitia213,22 Jan 2016 16:45,0-9,false,tale
14. 黃銅先生,/14-mr-brass,Letitia213,23 Jan 2016 08:52,0-9,false,tale
15-11-2012,/15-11-2012,qjfoidnh,19 Mar 2018 09:28,0-9,false,tale
15. 甜心小姐,/15-ms-sweetie,Letitia213,23 Jan 2016 08:59,0-9,false,tale
173,/173,(account deleted),09 May 2017 13:53,0-9,false,tale
1914猎奇桌游,/1914,M Element,09 Nov 2017 20:10,0-9,false,tale
1. 無頭先生,/1-mr-headless,Letitia213,23 Jan 2016 08:12,0-9,false,tale
二零零八年十二月一日至十二日,/1st-12th-december-2008,Letitia213,22 Jan 2016 16:54,0-9,false,tale
二零零八年十二月二十四日至二零零九年一月十四日,/24th-december-2008-14th-january-2009,Letitia213,23 Jan 2016 04:20,0-9,false,tale
3. 金錢先生,/3-mr-money,Letitia213,23 Jan 2016 08:20,0-9,false,tale
447的真相,/447,iflwlou,26 Feb 2017 19:25,0-9,false,tale
4. 謊言先生,/4-mr-lie,Letitia213,23 Jan 2016 08:22,0-9,false,tale
5. 憤怒先生,/5-mr-mad,Letitia213,23 Jan 2016 08:26,0-9,false,tale
6. 條紋先生,/6-mr-stripes,Letitia213,23 Jan 2016 08:32,0-9,false,tale
784事故：第一部分：接触,/784incident1,Letitia213,22 Jan 2016 16:03,0-9,false,tale
784事故：第二部分：协商,/784incident2,Letitia213,22 Jan 2016 16:06,0-9,false,tale
784事故：第三部分：扩增,/784incident3,Letitia213,22 Jan 2016 16:14,0-9,false,tale
784事故：第四部分：突破,/784incident4,Letitia213,22 Jan 2016 16:17,0-9,false,tale
784事故：第五部分：突破点,/784incident5,Letitia213,22 Jan 2016 16:22,0-9,false,tale
784事故：第六部分：逃亡,/784incident6,Letitia213,22 Jan 2016 16:24,0-9,false,tale
784事故：第七部分：结局,/784incident7,Letitia213,22 Jan 2016 16:26,0-9,false,tale
8. 月亮先生,/8-mr-moon,Letitia213,23 Jan 2016 08:36,0-9,false,tale
9. 笨拙先生,/9-mr-clumsy,Letitia213,23 Jan 2016 08:38,0-9,false,tale
